user_id,products,reviews
7360263,359,0
14020781,156,1
8762579,329,4
4820647,176,4
5167327,98,2
5664667,145,5
5889167,447,2
7281762,1083,1
7445952,273,1
7462927,51,1
7922733,108,2
9201535,166,1
9514331,237,4
9972262,250,3
10184828,187,1
10714376,1824,2
11237958,12,1
11274058,102,4
11300174,210,17
11463309,318,5
11489991,1053,3
11516665,131,2
11543905,1334,17
11575309,1903,10
11736873,169,2
12101865,352,1
12641029,33,0
12663344,107,2
13731271,587,3
13992714,206,1
450556,514,1
693738,130,1
984362,321,2
1305407,169,2
1935897,752,1
2767783,163,2
2922126,179,1
3474357,83,1
3807644,333,5
4243573,115,2
4267451,78,1
4319679,534,9
4341159,367,0
4458965,218,1
4586753,381,2
4616950,702,36
4860538,85,1
4905640,28,1
4906842,98,2
4971062,76,1
4998568,190,1
5029439,397,2
5105530,224,8
5126837,212,1
5133640,46,1
5317898,443,1
5501081,160,1
5717215,138,14
5843018,116,1
5847428,182,2
5858967,305,12
5882573,303,11
5948799,139,2
5984221,753,4
6021906,161,1
6112919,34,1
6187383,170,4
6546997,283,1
6614910,62,1
6628291,26,1
6642131,41,3
6696498,290,1
6934546,45,1
6937165,574,1
6957160,138,1
7078961,651,2
7156034,193,1
7200444,28,5
7225811,368,0
7270057,211,5
7288711,46,1
7359198,449,1
7369762,121,2
7385985,71,2
7394288,208,12
7591440,73,1
7650936,536,3
7672728,709,4
7798241,24,1
8213260,126,1
8526285,146,1
8660936,168,2
9021133,1227,22
9182621,1420,1
9279655,53,3
9920298,194,5
9949114,50,3
10057960,603,27
10122690,34,2
10213672,441,2
10378794,320,1
10643097,28,3
11036957,78,2
11066693,79,1
11075110,650,5
11182800,81,1
11198448,206,3
11212380,398,1
11214690,1826,4
11223803,335,2
11227231,404,20
11236157,404,1
11257973,80,2
11280081,75,1
11316351,677,68
11336236,64,1
11351945,146,1
11359449,77,1
11403949,348,4
11439651,11,1
11442710,219,2
11456486,137,2
11470955,1270,8
11480920,47,4
11495722,278,1
11508499,319,2
11513444,108,1
11515204,237,1
11562104,298,2
11640467,46,1
11675031,1573,5
11688540,227,1
11715024,468,6
11764232,292,3
11898775,529,1
11909047,383,1
11918764,83,1
11932365,122,3
11974126,111,4
12001845,34,1
12048007,432,1
12087881,234,2
12097569,25,2
12142712,157,1
12534294,141,3
12542517,153,1
12795557,346,4
12894540,99,2
12928853,121,2
12974158,52,1
13201249,17,1
13282730,80,1
13601978,102,6
13883671,157,1
13979247,67,0
14019966,156,2
14166929,362,1
14205175,208,1
14281999,104,2
14305173,126,3
525854,656,5
549499,19,1
742793,197,1
964285,271,1
1002337,169,1
1083117,18,1
1213812,93,1
1236186,761,1
1297637,100,1
1355800,255,6
1624375,759,1
2290288,209,2
2346385,36,1
2444543,95,3
2621424,103,1
2811975,100,1
3459290,236,1
3777876,35,1
3916465,1948,4
4034748,112,1
4146223,182,3
4284913,66,1
4346063,65,1
4363012,1001,72
4395091,398,3
4400546,421,2
4410864,18,1
4465570,135,5
4469645,36,1
4612212,66,4
4693372,41,1
4699963,247,4
4753330,147,5
4772172,114,4
4780574,449,6
4822761,1424,6
4851946,195,1
4853747,71,1
4887163,80,1
4893896,496,50
4894863,99,1
4921166,1170,4
4953349,18,1
4968864,642,1
4987317,28,1
5023579,124,1
5056504,316,1
5066627,25,1
5080214,139,1
5093594,74,4
5223948,39,1
5230674,167,2
5284961,105,3
5296733,327,3
5298924,253,1
5312438,427,1
5313738,152,1
5317561,879,4
5349170,208,1
5357556,35,1
5363713,330,0
5388798,1828,6
5407887,14,1
5412691,468,6
5413373,105,1
5450061,31,0
5586799,130,2
5678314,150,1
5687177,35,1
5699586,154,6
5700299,1268,4
5719598,651,1
5725479,267,1
5908363,742,2
5910909,308,2
5957290,300,9
5963335,15,1
5979468,52,11
5980080,1408,2
5997028,235,1
6012388,234,1
6072302,22,1
6073540,2113,1
6083672,562,9
6102885,292,1
6133025,44,2
6142378,15,2
6166678,329,1
6194169,43,1
6231587,90,1
6284171,509,1
6294614,21,1
6326181,1193,2
6349504,65,1
6366584,1597,129
6366959,18,7
6377575,519,2
6408186,1089,1
6441944,9,1
6487069,588,9
6497612,184,2
6542361,43,1
6547521,48,1
6593548,109,1
6600008,18,1
6607863,69,1
6612520,585,2
6627418,354,1
6658688,314,3
6670659,144,3
6686060,69,7
6694101,76,1
6710560,122,1
6738021,191,5
6813238,298,2
6874645,183,1
6925749,66,2
6945944,121,1
6984738,560,1
7017582,214,1
7025451,224,1
7065049,21,2
7086185,44,1
7088778,318,2
7149511,59,2
7157056,206,1
7178917,372,1
7183613,203,1
7287043,197,2
7287728,108,5
7299240,92,2
7306029,23,1
7317446,1811,3
7322207,109,2
7328733,217,1
7348902,624,2
7359152,168,1
7361784,111,3
7380282,704,5
7380665,13,1
7387861,141,2
7390489,678,1
7394650,183,1
7412198,239,1
7413201,90,1
7414989,24,1
7420979,94,1
7422061,22,1
7423292,437,10
7433190,402,2
7447116,537,10
7452405,247,3
7461776,451,2
7466503,186,5
7498229,31,1
7498746,77,1
7502677,105,0
7505764,83,1
7507258,124,1
7553262,19,3
7553771,469,1
7588815,364,1
7588927,155,2
7592797,195,1
7595583,81,2
7601467,431,0
7615885,140,0
7632866,372,1
7672060,385,1
7754045,397,15
7774815,714,4
7775326,95,2
7777393,610,5
7782482,345,13
7788269,117,1
7794655,95,1
7889746,248,2
7903374,22,1
7924901,361,1
7985324,178,5
7992464,15,1
8003633,76,1
8025517,53,2
8038738,214,3
8079806,11,1
8084405,432,9
8084577,129,2
8113906,93,1
8120855,185,1
8134822,232,1
8147511,476,7
8171664,235,1
8175756,453,1
8205883,708,3
8224064,252,1
8245836,571,1
8252079,354,6
8257940,474,3
8330882,308,2
8335626,200,9
8350027,1113,2
8354830,380,5
8378556,325,2
8388615,170,4
8393682,9,1
8406006,82,1
8409957,169,1
8410673,536,2
8448478,685,1
8485746,218,1
8514187,361,3
8517311,890,27
8531353,65,3
8534233,1045,4
8560326,328,1
8596940,441,1
8605505,559,7
8632733,133,7
8636365,56,3
8697374,178,5
8720806,39,2
8762715,427,2
8802337,16,1
8853742,152,1
8872064,159,3
8887167,388,3
8931877,200,2
8993022,14,2
8998499,183,1
9017186,102,1
9073768,24,1
9097906,11,1
9204854,141,1
9230155,67,1
9233459,57,1
9255379,1505,19
9279258,60,2
9280703,357,6
9290354,30,3
9302848,123,1
9306292,28,1
9375719,132,1
9380736,9,1
9383282,314,1
9387402,267,2
9491473,12,1
9495845,259,5
9529113,207,1
9531088,125,4
9612089,525,19
9731923,292,5
9753351,50,2
9814418,836,1
9814656,161,1
9819393,365,2
9832039,385,2
9835938,230,2
9896246,101,4
9953912,77,1
9966234,131,3
9984065,360,1
9995574,500,2
10065504,200,3
10138032,296,1
10138257,45,1
10159715,375,1
10206481,44,0
10233429,963,2
10241739,685,1
10243362,100,3
10260002,65,1
10263507,436,9
10315146,1164,1
10378585,13,1
10393781,652,23
10415085,282,4
10416160,42,1
10471726,616,5
10473022,132,3
10509117,304,1
10549393,48,1
10591298,42,2
10626461,53,1
10648699,238,1
10658521,351,1
10672920,73,0
10686476,407,1
10690126,198,5
10726764,256,1
10751880,119,1
10783130,105,1
10790439,284,1
10878822,254,2
10879311,476,3
10913325,94,10
10918408,768,1
10931026,654,2
11013020,348,1
11014399,77,2
11033515,69,1
11038364,536,4
11045885,78,1
11071062,153,1
11083027,387,1
11084007,44,1
11109311,78,4
11115607,427,2
11139135,926,5
11140739,286,79
11148812,308,24
11155063,511,2
11156654,284,1
11163928,64,1
11167403,84,1
11173791,35,2
11177984,338,6
11194103,126,1
11199134,100,1
11199770,463,1
11209658,53,1
11211007,52,2
11214399,57,1
11216865,1431,1
11216880,187,10
11218661,24,1
11220919,37,2
11222298,43,1
11226983,33,3
11235368,52,1
11243833,318,1
11250090,327,1
11250562,410,1
11252570,62,2
11252751,159,2
11270133,124,1
11275275,237,1
11275957,129,1
11280257,178,1
11285048,585,1
11299409,121,1
11302400,662,9
11304379,144,4
11309317,417,1
11312700,340,5
11313580,390,1
11321648,198,1
11321840,557,1
11328009,33,1
11331690,138,1
11334193,284,3
11340237,303,1
11342208,1097,1
11344877,37,1
11347696,143,3
11348480,1642,1
11366488,35,1
11368735,221,1
11373221,147,1
11373613,1200,2
11383968,1598,3
11385372,106,2
11386511,84,1
11386529,77,2
11389348,313,4
11392786,213,1
11395660,280,2
11399650,389,2
11402551,444,137
11416166,608,2
11418511,126,1
11418603,23,2
11418734,76,1
11422775,203,8
11425456,153,2
11440751,409,6
11441139,290,3
11443398,87,1
11444445,471,2
11471267,812,2
11475408,50,5
11481263,194,7
11486279,83,5
11487247,419,4
11487323,169,1
11491411,256,8
11493341,52,1
11499279,113,6
11499671,296,2
11511858,247,3
11511935,132,2
11512208,591,5
11514155,315,1
11519364,77,1
11526370,37,1
11527488,182,1
11532644,67,1
11533457,498,1
11533704,68,1
11535389,18,1
11535715,371,1
11540818,94,1
11541136,13,1
11544794,327,9
11550992,222,2
11554806,75,0
11556916,157,3
11558193,92,1
11559919,349,1
11562814,4344,27
11565424,341,2
11568259,332,19
11569113,244,1
11573689,250,1
11582198,38,1
11591233,1458,8
11592363,623,4
11603044,367,2
11608473,42,1
11609334,3166,71
11610251,689,1
11611307,235,10
11611451,94,1
11614677,148,3
11619320,118,1
11628889,27,1
11632041,228,1
11634562,304,2
11649917,373,5
11660120,147,1
11680290,752,3
11681800,77,0
11696667,256,6
11701600,94,1
11702686,131,4
11708173,443,24
11709134,22,2
11721557,99,1
11733060,477,4
11737217,208,2
11737667,1998,1
11740462,350,1
11745557,231,6
11746755,163,3
11747291,294,3
11749819,165,2
11752751,246,2
11753573,502,2
11759052,979,6
11780789,125,5
11781682,101,2
11786832,609,3
11787121,297,2
11791093,40,2
11793824,366,5
11796169,744,4
11799092,1577,3
11799340,57,1
11800724,91,1
11803194,85,1
11809346,949,15
11810107,38,2
11815099,108,1
11819633,72,1
11824223,455,2
11824272,132,1
11824720,421,6
11825558,69,2
11825596,77,1
11826070,589,4
11832464,287,71
11835244,187,1
11840521,344,1
11841329,226,1
11842084,258,1
11846952,99,1
11849150,28,2
11851407,109,5
11851799,379,1
11856714,118,1
11857034,39,1
11861294,1465,5
11862063,4,1
11866156,26,1
11867878,51,2
11867914,131,1
11871499,423,2
11871691,1744,6
11875412,530,1
11883273,861,26
11887918,312,1
11894423,78,2
11896374,217,1
11899048,655,11
11904122,580,2
11905702,29,3
11909448,374,3
11919831,1138,4
11925638,166,3
11927246,361,1
11937625,1068,20
11938085,91,2
11939952,129,2
11945129,99,1
11952181,201,6
11964048,473,2
11964288,925,1
11974802,75,1
11993643,16,1
11996492,520,9
11996902,41,1
11997486,98,2
11999518,208,2
12021332,442,4
12027430,447,2
12028611,796,3
12030852,754,52
12041395,76,5
12046793,240,1
12047139,396,3
12049487,256,1
12054506,571,2
12064423,206,1
12065701,211,1
12072787,26,5
12074087,85,1
12077542,305,4
12090786,184,1
12092130,730,1
12124263,68,9
12124455,481,1
12137745,265,1
12139028,167,0
12140612,75,1
12144287,1004,1
12148028,206,10
12150570,67,2
12151876,98,1
12152421,31,1
12153034,721,9
12154804,256,1
12157483,211,3
12161698,361,1
12167805,55,1
12168660,121,1
12168709,222,4
12171971,5,1
12172382,539,2
12173378,201,1
12173715,317,7
12175170,237,12
12176684,81,1
12177149,310,1
12179963,64,1
12182739,108,1
12184281,20,1
12190035,335,2
12199368,266,1
12200713,213,2
12200754,610,38
12203259,88,2
12210630,511,9
12257583,51,1
12258271,125,1
12265781,109,1
12296319,218,1
12325081,236,18
12391084,879,2
12394476,109,1
12423496,216,1
12448469,148,1
12504724,457,1
12548858,117,5
12560837,12,1
12575911,194,9
12647053,290,1
12656093,376,1
12660053,131,2
12686248,257,1
12701754,382,1
12716465,1014,4
12738231,347,2
12762116,304,4
12780625,516,1
12794360,258,2
12806786,789,5
12827413,82,1
12832341,244,0
12890778,257,13
12909438,159,1
12913886,61,1
12976691,41,3
12980521,218,3
13002652,34,1
13057770,93,1
13102763,324,2
13106877,222,1
13116964,130,1
13128371,336,1
13130665,74,1
13134162,1632,10
13144960,91,2
13149406,678,1
13149963,111,1
13162142,331,8
13170972,229,3
13172233,791,3
13223939,263,1
13237733,288,0
13244977,31,1
13279031,638,5
13304222,192,1
13324847,523,27
13325026,509,1
13367373,147,2
13467011,189,1
13473875,1704,10
13490618,200,2
13491235,223,2
13527339,86,1
13550932,80,2
13553848,490,1
13557207,191,3
13565119,428,2
13593605,125,2
13606324,168,1
13642822,354,3
13714894,116,1
13738304,1727,1
13785706,291,3
13789572,191,7
13823173,160,1
13834249,183,1
13840840,50,1
13862087,125,2
13866289,243,3
13870135,99,0
13897033,448,1
13899873,451,1
13904059,213,1
13913046,106,1
13913630,1353,7
13942554,202,2
13943815,29,1
13953714,207,2
13959107,419,6
13960539,450,1
13965945,58,2
13968276,243,2
13981546,29,1
13985367,278,2
14015489,405,4
14023960,242,2
14031785,106,1
14086370,3403,1
14104757,126,1
14107894,94,5
14116240,232,6
14121663,55,1
14122872,49,0
14135800,176,1
14135843,307,5
14138577,170,15
14144216,159,1
14155700,68,1
14156111,905,5
14172513,189,1
14183725,272,1
14186709,239,2
14189607,266,71
14201954,1068,1
14204828,200,2
14211563,147,4
14213981,208,2
14227852,94,1
14247033,309,1
14257088,83,1
14266386,159,1
14267972,59,3
14282732,195,1
14285174,502,1
14293415,37,1
14304888,581,6
885,189,1
2206,135,10
32020,1352,4
50405,502,97
50896,261,3
61321,118,2
69753,249,0
80255,113,1
85467,171,2
95895,268,1
101512,247,1
105200,336,2
108373,215,1
113272,31,1
113930,197,1
126293,258,3
135316,421,1
142231,115,1
146293,59,1
150641,85,1
153915,241,2
160061,264,1
161742,83,5
167270,106,2
170661,532,1
177896,346,5
191284,112,1
200875,608,2
202608,623,1
203649,855,1
207780,770,1
208955,692,1
213608,251,2
223701,1376,1
223826,618,10
228654,95,1
231703,737,2
241880,273,4
246205,814,2
246227,190,1
260874,320,7
265560,57,1
279516,327,1
285535,99,3
290271,517,3
295540,21,1
299395,355,1
314958,235,1
328024,850,1
334632,155,1
338632,661,4
341958,270,3
342524,66,1
348649,1017,2
357077,887,1
364560,175,52
371119,189,2
378427,447,3
385558,221,1
394834,123,3
403997,68,1
407546,487,8
408857,682,17
416145,238,1
419062,54,2
428396,1653,5
430443,248,1
431660,137,4
433785,374,1
440266,245,2
445975,986,8
451405,139,1
475451,1490,1
475900,627,2
477315,2198,10
489282,398,20
493209,500,5
500162,359,3
506791,278,3
508045,16,1
509986,1056,3
514335,134,1
524513,118,1
525209,24,1
528673,89,2
532945,302,1
541690,20,1
551469,275,1
552407,25,1
553821,323,1
561201,23,2
562626,276,7
565236,612,1
571838,402,6
580598,470,1
600312,316,1
601239,143,1
608264,268,1
613068,537,3
613571,1469,32
625578,142,1
626119,81,3
627528,122,4
643271,1468,1
650940,371,1
651122,461,3
654613,29,1
657667,81,1
671111,508,4
679882,3596,1
692597,10113,4
695192,627,10
697918,64,1
700294,5357,4
700885,373,6
702303,240,3
703749,55,4
708670,111,2
713175,64,1
721578,311,1
721679,77,1
726498,599,2
735468,118,1
760649,208,1
761239,1173,6
761592,302,1
763167,241,6
763518,195,1
774251,244,4
792791,478,1
795040,249,1
796629,106,8
798911,454,0
804302,538,17
817823,115,1
818056,334,3
822350,735,1
827012,226,4
834631,163,2
842246,282,2
842895,477,2
873847,180,3
881745,144,3
882359,496,1
914274,57,1
930802,88,4
933639,62,5
943216,85,2
957872,187,37
962662,1328,5
966743,1061,8
979214,43,1
981763,88,15
984218,259,1
987732,157,1
989978,23,1
991632,289,1
1003217,354,7
1010350,686,2
1016843,120,1
1017668,448,2
1019810,3137,23
1026640,676,1
1035105,136,3
1037390,396,1
1042128,476,4
1055146,225,8
1058244,53,2
1066312,276,2
1070684,42,1
1073433,503,2
1075277,184,3
1085234,81,1
1085248,628,4
1086823,505,4
1102215,285,1
1125937,86,2
1135520,68,2
1138114,285,2
1141699,374,14
1146677,83,1
1151937,158,5
1153241,288,1
1153262,104,1
1166705,30,1
1189811,563,3
1211168,61,4
1217171,363,2
1232262,146,1
1239121,999,26
1254289,73,3
1275214,210,1
1286224,123,1
1293328,944,3
1294381,37,1
1294517,161,1
1300266,88,4
1301587,129,3
1301727,3316,16
1309367,1068,5
1311621,225,2
1331286,1191,15
1332033,29,1
1339309,137,1
1344798,46,1
1357645,42,2
1358784,92,2
1360096,259,1
1370052,1213,67
1375409,212,1
1376022,1569,3
1379779,92,3
1393627,496,3
1408795,302,1
1414993,245,1
1424822,395,1
1428857,97,1
1434938,189,1
1439363,488,1
1441907,540,1
1446933,191,3
1455822,173,1
1463999,10,1
1466969,184,1
1467115,464,1
1472274,63,1
1473668,275,3
1473872,25,1
1506015,78,2
1507634,264,10
1531123,126,16
1539727,910,5
1555824,135,2
1565675,210,1
1567520,99,1
1569815,273,8
1569922,205,1
1571776,126,2
1585396,229,2
1611265,169,2
1619302,250,7
1634358,803,2
1636082,514,15
1648368,178,3
1649288,102,3
1654190,119,1
1663516,196,2
1666715,98,4
1669787,69,2
1693468,35,1
1703208,259,3
1727071,172,1
1731720,486,9
1738779,316,3
1762697,18,2
1766429,46,1
1767759,289,1
1780048,352,9
1808388,426,1
1816291,161,1
1817138,362,2
1847852,376,1
1857988,319,8
1874625,60,1
1901990,878,13
1903200,257,2
1904852,266,1
1923986,146,11
1926170,168,7
1934959,138,3
1938608,895,6
1982697,580,1
1987657,508,6
2000504,109,2
2015478,325,2
2038535,307,5
2075958,225,1
2079636,613,1
2150564,136,16
2158570,644,1
2163659,54,4
2172652,137,1
2173806,1842,1
2175433,1021,1
2185211,250,1
2195059,249,1
2195771,267,1
2237755,27,1
2257350,569,2
2257970,500,1
2262116,229,3
2298484,675,3
2315241,58,1
2315982,99,5
2317172,126,2
2321913,505,2
2329315,714,6
2343302,330,55
2348495,475,3
2360794,8,1
2370210,368,4
2402040,63,1
2411869,109,5
2427398,152,1
2439811,166,2
2454041,443,15
2465149,147,1
2469014,130,4
2495077,91,1
2509874,320,6
2536862,43,6
2563457,26,4
2572016,57,2
2590903,72,1
2619083,467,2
2634321,3304,20
2636704,45,1
2653661,184,1
2654328,622,1
2698507,1543,2
2739568,683,16
2754574,281,1
2761117,335,1
2763700,5,1
2764886,187,8
2774130,72,2
2779506,287,1
2781331,413,2
2783707,895,2
2786021,100,2
2798551,189,10
2806067,154,1
2814916,312,1
2821615,173,1
2832805,101,1
2834297,291,1
2858327,137,2
2870991,330,1
2884582,249,1
2895451,347,1
2901514,113,1
2917401,335,1
2920709,217,2
2926929,408,9
2939133,77,2
2945917,329,1
2969647,30,1
2977633,191,10
2982105,1274,1
2991574,180,2
2995072,106,5
3003247,330,7
3006012,198,2
3007350,71,4
3018874,52,6
3047753,274,1
3065250,422,4
3094557,102,2
3126485,279,6
3132010,70,1
3137483,397,1
3140100,49,1
3145897,66,2
3170558,294,2
3173114,275,0
3175675,131,0
3193009,198,1
3200166,150,1
3205676,494,1
3206053,264,1
3208629,174,1
3211338,306,11
3214541,68,1
3221923,235,0
3227990,111,7
3230680,287,2
3233858,680,47
3234523,554,1
3238761,37,1
3239087,302,2
3240907,69,1
3245449,22,2
3249396,436,2
3258798,769,1
3260792,89,14
3263623,178,12
3265851,158,1
3273976,407,7
3280597,354,3
3284184,466,7
3291375,226,2
3294162,231,3
3295757,193,2
3296331,602,2
3298751,808,1
3314463,64,1
3317103,81,1
3324994,330,1
3325901,392,1
3332192,399,1
3335911,215,1
3336612,244,0
3343657,103,2
3349807,388,1
3352790,122,1
3363006,155,1
3372196,215,1
3388868,171,2
3390869,210,5
3395983,341,1
3402030,332,12
3402755,109,3
3413457,54,1
3419975,10,2
3420744,112,1
3427200,166,3
3437404,33,0
3437687,307,3
3438430,74,1
3440704,246,2
3443060,6,1
3443749,535,1
3444842,103,0
3464629,260,2
3476577,36,1
3488109,326,1
3500912,91,1
3502091,539,3
3508723,222,2
3509800,537,3
3517951,732,3
3517982,227,1
3529180,116,5
3540975,254,1
3546293,154,1
3550499,257,29
3565502,202,10
3572448,687,2
3574709,191,2
3578693,777,3
3581267,124,4
3583273,970,1
3599454,15,1
3629268,3096,11
3631765,953,1
3650508,427,1
3658625,510,6
3670394,169,1
3670612,465,2
3686770,311,10
3690809,44,1
3702352,80,1
3720231,1096,2
3720365,280,2
3727517,469,3
3741057,185,4
3753653,85,2
3754763,392,1
3759908,186,1
3770939,137,2
3772941,43,1
3777702,153,1
3781306,872,1
3793554,79,3
3796142,13,3
3797337,188,1
3821376,232,6
3822080,135,1
3845929,1294,1
3875109,497,1
3913314,172,1
3942338,209,2
3966125,476,1
3996301,78,1
3998419,529,9
4000465,459,3
4023155,178,1
4029954,135,2
4037083,64,1
4041982,139,1
4047893,231,6
4056473,761,3
4069419,66,1
4075180,24,1
4075314,2727,4
4075657,91,0
4083636,13,1
4104345,265,3
4105269,70,1
4109011,289,7
4110387,20,1
4112189,289,22
4123486,1815,2
4123488,433,10
4131422,446,3
4141509,156,1
4142406,129,2
4150722,268,5
4154553,95,6
4157842,93,1
4160757,641,4
4174178,87,3
4193900,381,3
4205064,20,1
4214950,349,2
4224726,140,2
4235174,72,5
4242082,235,4
4243539,348,8
4247563,114,1
4270709,110,3
4272125,383,1
4284254,35,1
4287072,2382,7
4293636,411,1
4297590,59,1
4330923,155,1
4335321,106,1
4342259,2250,2
4342603,306,1
4350434,819,2
4362637,583,3
4363820,100,1
4368141,339,1
4377983,344,3
4383136,180,1
4384719,1704,1
4395149,565,8
4401816,83,1
4404164,222,2
4406224,15,1
4408130,216,56
4415030,149,1
4427877,316,9
4433090,616,2
4462207,116,1
4463399,89,1
4465416,11,1
4465480,180,4
4482746,137,2
4485040,122,1
4488821,6,1
4492318,76,1
4498295,433,2
4510517,197,2
4512935,81,3
4514648,279,1
4517446,42,1
4518591,65,2
4521623,169,4
4530512,32,1
4533400,107,1
4536860,196,2
4541635,52,1
4575968,205,1
4579559,481,3
4585684,30,1
4586661,92,6
4591691,195,0
4604155,43,4
4607053,90,5
4627447,112,1
4631566,121,1
4631755,80,1
4654224,964,3
4674269,88,1
4683396,110,1
4685278,425,5
4686750,459,10
4690040,373,3
4705720,104,2
4716017,239,1
4720857,164,1
4725101,72,1
4727617,410,10
4733793,100,1
4739987,42,1
4742587,198,1
4749248,433,1
4749776,9,1
4757688,110,1
4763166,120,4
4763707,1308,2
4766322,71,1
4768738,566,3
4770116,100,2
4775304,194,1
4777884,239,1
4781781,396,1
4786943,15,1
4793220,222,1
4799423,169,6
4799484,5,1
4813481,44,4
4814692,165,3
4819842,483,4
4842043,322,4
4842557,339,1
4851968,44,1
4852805,172,3
4853131,613,1
4854093,59,1
4858351,49,1
4878319,84,1
4880956,156,21
4908968,183,1
4910092,151,1
4910645,883,17
4912193,431,1
4912888,520,1
4918219,97,1
4920596,48,1
4940244,200,5
4944834,311,1
4958955,226,1
4967317,1357,2
4971206,32,1
4977117,16,1
4978561,83,7
4979004,72,1
4979121,55,2
4988192,4,1
5002721,136,10
5006475,73,2
5016939,105,1
5017685,696,1
5018626,1055,9
5020313,1134,3
5022026,250,3
5025050,136,3
5025362,837,2
5032040,587,2
5036725,261,1
5042553,298,2
5045711,857,1
5047735,1941,152
5048489,165,3
5049810,585,1
5057577,43,1
5060694,372,16
5070634,611,2
5071322,178,3
5078675,164,1
5082594,965,1
5096677,15,2
5102555,90,1
5107173,16,1
5107791,222,36
5111579,133,1
5117796,145,1
5124628,275,6
5124713,182,1
5125273,294,2
5125574,111,3
5136881,46,1
5141358,1619,9
5142219,140,1
5143700,978,11
5144203,135,1
5144266,275,3
5146546,122,2
5149614,205,4
5160690,84,2
5161442,133,1
5166086,82,3
5167321,512,1
5167734,192,6
5171263,321,5
5179372,113,1
5183203,501,2
5189575,28,0
5191850,655,6
5208645,197,2
5208660,189,1
5215236,267,7
5217185,168,6
5221202,51,1
5228262,58,2
5230578,117,2
5231040,496,1
5231250,238,1
5243958,7291,8
5247961,139,2
5249275,336,1
5249299,835,8
5253718,994,2
5261803,382,1
5262606,21,1
5265084,44,1
5266656,2559,2
5278398,356,1
5281087,55,1
5289294,287,1
5292637,20,2
5293897,712,6
5307395,156,1
5311835,295,1
5320932,26,1
5324202,790,2
5327349,763,1
5330242,185,1
5331878,194,1
5335186,58,1
5336306,1530,2
5337314,1252,199
5345080,477,7
5346323,161,3
5353202,421,1
5355116,309,4
5374999,389,3
5377877,376,1
5378040,201,2
5381780,667,2
5382866,2723,109
5383203,77,5
5393061,112,4
5395985,783,1
5401176,219,1
5403397,472,13
5410993,604,2
5413142,28,1
5416573,189,1
5416840,59,1
5421464,179,4
5421930,275,2
5422144,55,1
5430274,44,1
5432959,233,4
5433047,124,2
5434106,283,1
5438201,62,4
5442195,203,2
5443296,317,11
5449121,3686,8
5449185,216,1
5449328,395,1
5451170,58,1
5458151,187,1
5460366,2474,37
5485135,702,15
5486038,242,1
5505258,38,1
5505458,142,1
5509170,628,1
5509974,216,2
5511583,41,1
5516372,330,1
5520043,91,3
5520050,430,1
5523600,320,13
5529452,391,1
5530561,541,4
5534474,116,1
5543419,149,1
5545532,149,1
5551983,444,1
5552733,87,3
5553128,40,1
5554035,235,1
5560009,134,0
5561559,474,1
5561781,385,1
5562709,585,2
5566300,971,1
5569264,244,4
5570011,167,2
5573022,79,1
5580293,249,2
5580797,30,1
5581185,201,1
5583498,175,1
5586404,1936,19
5586772,213,2
5587667,48,9
5589773,273,3
5591209,172,3
5591702,1592,8
5601830,130,6
5604695,54,1
5605991,627,4
5607194,941,2
5608786,367,4
5614674,95,1
5615403,1230,4
5616040,148,1
5616189,73,1
5616413,187,1
5617184,221,1
5630200,612,1
5634702,362,1
5637312,224,12
5646430,104,4
5652605,376,1
5659980,166,1
5660916,271,4
5662007,328,1
5662594,502,1
5666266,129,1
5672562,118,1
5682311,504,55
5686091,303,2
5687199,94,3
5689552,359,13
5692265,115,7
5692382,565,5
5692467,828,11
5697789,83,11
5710274,2052,1
5720162,38,2
5732372,763,1
5732806,56,2
5733997,480,5
5734849,84,1
5741097,124,9
5743604,1483,4
5749083,131,1
5749301,477,1
5757192,101,1
5761822,261,4
5764364,289,5
5767846,443,7
5775649,629,2
5777630,193,2
5782825,239,2
5797222,232,2
5800753,107,6
5807891,757,2
5808922,257,3
5812372,74,8
5812377,481,1
5819152,299,3
5819696,143,1
5820350,85,1
5828197,112,1
5830410,138,4
5840528,7,1
5840917,147,1
5847886,524,6
5852119,165,1
5852362,829,12
5866264,913,10
5867446,101,1
5871186,374,1
5889668,811,1
5893695,299,1
5894518,255,1
5898587,29,1
5900555,52,2
5900603,905,11
5901259,117,3
5903442,20,1
5905798,18,2
5906854,912,1
5909373,34,1
5911585,176,2
5912081,188,2
5925834,61,1
5926444,22,1
5932902,56,1
5935837,44,2
5938698,327,1
5948592,595,15
5955357,31,1
5955410,4416,26
5960669,181,5
5964967,28,1
5968436,387,1
5970687,674,9
5975872,142,1
5977172,1009,3
5979596,382,3
5983245,27,1
5993658,128,11
6009611,378,1
6010020,469,6
6015551,1104,1
6017734,236,6
6023647,31,1
6037840,6,1
6039034,428,2
6039218,267,3
6039338,465,1
6043635,416,2
6047321,466,4
6048938,147,1
6057129,1311,1
6057521,19,1
6061858,331,1
6085139,116,2
6089718,345,2
6094202,1638,10
6095687,147,4
6101679,174,1
6104849,164,10
6109118,78,1
6120130,484,5
6122866,167,1
6123318,8,1
6130595,464,2
6133618,1390,37
6137088,47,1
6143254,85,1
6147437,738,12
6147730,98,2
6156936,59,1
6158810,229,2
6166544,422,1
6167435,133,4
6167727,471,1
6167880,186,1
6170846,73,1
6174599,292,5
6175957,924,1
6176839,26,1
6177859,350,2
6179724,326,10
6181413,967,11
6187698,31,1
6192619,37,1
6197342,581,1
6197959,739,3
6198772,330,5
6199018,45,1
6199333,240,1
6206293,13,1
6209076,322,1
6210182,401,3
6215026,145,5
6215783,912,30
6220418,398,5
6223066,185,1
6227112,35,2
6229178,87,1
6231176,81,2
6231543,35,1
6235222,157,4
6236947,558,2
6239798,130,1
6240181,154,1
6240323,76,1
6242556,136,4
6246964,163,5
6249725,83,0
6250732,526,1
6251079,751,1
6251088,3074,1
6253769,530,1
6255440,288,8
6256219,95,2
6256778,48,1
6256878,1379,1
6261037,106,1
6261951,635,2
6263163,839,2
6263669,531,1
6264635,319,3
6267003,1211,3
6267957,64,1
6270433,202,2
6272361,75,1
6276474,486,1
6276792,345,8
6280908,327,1
6288221,743,4
6290528,250,1
6293116,158,6
6298841,31,2
6301441,119,2
6303592,30,1
6308158,37,2
6308396,172,1
6312934,291,1
6314173,145,3
6319507,131,1
6323892,356,1
6325262,596,6
6333070,344,2
6334532,176,2
6334945,884,14
6336178,631,1
6338536,56,3
6344814,261,14
6354250,134,1
6362577,167,1
6374318,353,10
6374571,39,1
6376559,80,1
6377388,407,2
6380146,307,37
6380705,148,0
6382984,222,4
6384471,425,2
6384784,38,1
6388388,232,2
6392497,174,2
6392858,168,4
6392996,146,1
6396601,330,1
6398282,314,1
6399402,259,1
6399436,97,3
6404403,283,1
6404610,353,1
6409969,582,4
6410860,177,1
6411464,92,1
6415017,125,1
6415396,3531,146
6419527,5043,4
6420163,213,2
6420344,334,1
6424967,182,3
6425703,100,1
6434738,133,1
6448089,139,3
6449869,208,3
6451301,250,2
6452657,111,1
6452906,39,1
6455434,256,2
6462035,120,1
6463391,46,1
6465156,10,1
6465513,29,1
6470699,80,0
6487177,113,1
6492668,564,2
6497270,224,6
6498167,105,1
6501618,143,2
6503613,76,2
6509024,423,4
6509059,364,3
6510272,420,2
6512089,90,1
6513756,402,3
6515347,168,2
6518250,182,1
6519897,119,2
6531758,76,3
6541916,83,1
6543182,316,0
6544379,134,2
6546410,107,7
6548635,271,1
6550845,312,1
6553257,155,1
6563528,12,2
6563836,40,1
6574261,453,2
6577085,79,2
6588272,151,1
6591503,78,1
6593299,281,1
6599075,204,1
6599136,705,1
6602728,374,4
6607448,380,1
6609690,941,24
6610750,45,1
6611248,290,6
6614735,354,1
6615005,267,1
6618090,241,5
6628240,96,2
6630082,444,16
6633209,125,1
6634087,191,1
6634461,22,1
6635009,68,1
6641350,307,7
6641421,366,4
6647606,250,2
6649756,147,1
6650719,56,1
6652765,97,5
6656616,116,1
6658687,140,1
6659249,346,4
6662214,118,3
6662599,80,2
6664793,476,1
6666044,298,4
6669226,170,5
6669352,27,5
6669884,103,4
6674120,298,2
6675316,163,1
6676395,323,4
6681829,65,3
6688439,990,6
6690281,495,61
6691209,82,2
6695355,374,29
6696316,325,6
6708283,349,11
6709102,165,1
6713231,31,1
6716667,414,22
6717235,157,7
6717546,95,1
6720090,181,1
6720532,99,1
6721464,208,1
6722109,61,1
6723370,502,3
6725087,172,1
6727641,180,1
6731886,508,1
6732291,173,1
6738571,363,3
6739204,265,4
6740373,157,6
6742365,2752,10
6743783,22,1
6749062,388,1
6749799,1668,2
6750033,400,11
6750340,505,1
6751552,479,32
6755369,234,2
6755633,234,1
6755933,10,1
6756244,67,1
6757311,41,1
6760827,151,1
6763292,191,2
6764327,150,1
6766109,73,1
6768265,490,2
6773070,184,1
6776638,1388,2
6778179,95,0
6778827,331,3
6781867,547,1
6785304,379,1
6785963,244,1
6786574,174,1
6788738,191,5
6789319,528,1
6790371,77,1
6791163,103,2
6793990,321,0
6794094,84,3
6795885,421,1
6804577,57,1
6804807,299,2
6805824,707,8
6807395,140,4
6807480,167,1
6809648,375,1
6811367,71,1
6811462,460,1
6812965,122,1
6815241,83,2
6815524,301,7
6816333,50,1
6816810,122,1
6819343,442,3
6823594,164,2
6828720,878,2
6832391,566,4
6833543,183,1
6839073,554,8
6842382,310,3
6842716,1381,7
6848985,60,1
6849017,5182,40
6849236,37,1
6849560,88,2
6850008,200,2
6851714,570,1
6853116,221,2
6853129,673,6
6857367,16,1
6862300,400,10
6866289,37,2
6867097,107,1
6869265,261,1
6870267,67,1
6876933,498,3
6877924,2337,1
6878257,338,1
6879645,54,1
6881073,184,1
6885369,501,9
6886487,18,1
6889518,82,1
6890587,273,2
6891694,353,27
6893408,164,6
6895234,36,0
6896431,1832,1
6896639,79,3
6899047,123,1
6901496,258,3
6909893,327,1
6916822,100,1
6917920,234,1
6917983,160,1
6920665,796,2
6928257,306,6
6928519,92,2
6933066,108,1
6939903,530,1
6940249,63,3
6942947,2555,8
6945674,500,9
6946421,237,1
6948076,77,1
6949909,459,7
6951000,208,1
6951990,167,6
6953451,337,1
6955108,327,3
6955129,142,6
6955741,71,1
6956670,199,2
6957404,407,1
6961028,651,2
6961795,64,3
6962300,136,3
6962436,307,2
6967602,166,4
6982692,462,4
6983453,47,1
6983942,148,1
6984812,953,7
6986571,223,12
6989001,77,1
6989758,148,1
6994448,311,1
6998192,132,1
7004245,285,14
7004536,1145,7
7004891,428,13
7015249,668,11
7022871,225,1
7029297,109,2
7037113,148,2
7044194,158,3
7061013,555,1
7066467,488,6
7067212,83,1
7067956,62,1
7069932,274,1
7072792,78,1
7074732,130,1
7084169,248,1
7084472,96,4
7090124,411,12
7092214,53,1
7098667,166,1
7099559,178,8
7103916,256,1
7103976,158,17
7104152,683,2
7106877,186,1
7108308,171,1
7109068,161,1
7109209,20,1
7109829,94,1
7109960,570,4
7110313,140,1
7111059,2063,65
7111478,522,1
7112926,218,4
7113808,34,1
7116799,460,1
7119419,27,1
7127703,158,1
7128287,186,1
7131692,452,1
7132865,654,2
7134556,34,1
7134785,289,4
7135321,279,1
7137054,167,2
7138103,95,3
7142565,12,1
7143326,50,10
7145433,124,1
7146030,256,2
7147060,850,8
7148492,278,3
7151170,85,7
7153228,721,3
7154028,229,1
7155693,388,1
7155943,154,1
7157496,114,22
7158647,209,2
7158939,153,0
7163842,96,1
7164290,208,3
7165542,501,3
7166371,753,2
7168007,124,0
7169937,66,1
7171491,87,1
7173402,252,2
7174811,596,2
7176563,1383,3
7176881,798,2
7177818,253,3
7185519,113,1
7195142,296,7
7195376,151,2
7205575,118,1
7208346,443,4
7212252,203,1
7215085,51,2
7222613,732,4
7224273,36,2
7226239,421,11
7227349,188,2
7228013,109,1
7229585,196,1
7233564,213,1
7234912,230,5
7234970,14,1
7236580,276,2
7236753,61,3
7241048,250,1
7241090,75,2
7242088,301,1
7242923,304,1
7243356,24,2
7244375,79,1
7244811,123,2
7246756,82,1
7247533,141,2
7248252,321,1
7253053,9,1
7254427,167,4
7265544,295,7
7266639,171,1
7272311,130,1
7272914,157,1
7273208,149,1
7273363,1995,32
7277562,244,1
7281309,521,2
7283060,258,1
7283511,418,7
7283813,1343,17
7285545,1291,13
7287498,79,1
7289302,113,1
7291751,208,1
7293100,55,1
7296878,58,3
7299186,47,1
7299314,124,3
7300999,81,3
7302482,307,4
7309050,527,1
7309622,5,1
7310426,20,1
7311897,1719,23
7315887,327,8
7315982,48,1
7316912,1242,9
7319204,77,1
7319294,634,1
7324260,528,5
7325033,542,3
7331320,258,12
7334938,95,1
7337358,151,2
7348212,97,1
7348272,937,3
7348891,2050,27
7350331,274,1
7350489,580,1
7350602,350,23
7350834,51,1
7353712,83,3
7355818,170,1
7356344,245,4
7357027,431,2
7359283,315,11
7359702,99,0
7361648,236,1
7362024,449,1
7363022,1139,1
7368991,52,1
7369115,79,2
7369310,167,1
7369311,238,3
7372066,205,1
7372486,112,2
7373465,77,1
7374664,274,1
7375247,1689,7
7376907,754,26
7376955,92,5
7377905,649,9
7378434,209,1
7379147,147,1
7379549,474,3
7379875,373,3
7380079,266,12
7380510,63,2
7382001,20,1
7382098,50,4
7382126,121,0
7382172,114,2
7383429,63,2
7383443,122,2
7384173,430,4
7384794,895,3
7386906,328,4
7388711,609,2
7389060,5023,0
7389859,148,2
7390845,57,3
7392434,439,1
7393135,47,1
7397966,295,0
7399599,170,1
7399811,40,1
7401579,150,3
7402175,102,1
7403077,298,3
7403612,11,1
7404038,560,2
7407513,29,1
7408421,182,1
7408592,51,1
7409962,755,1
7410010,323,2
7410538,490,3
7410719,178,1
7410992,849,4
7411868,256,2
7412129,935,2
7412359,418,1
7413006,569,1
7413022,219,1
7413667,267,1
7413933,23,1
7414070,207,1
7414117,50,2
7414310,137,1
7414535,244,3
7415462,273,1
7416012,1363,1
7416586,107,1
7417130,781,6
7417956,196,2
7418214,14,3
7418902,125,2
7420134,32,1
7421951,75,1
7422057,891,4
7422169,163,1
7424053,558,3
7424747,52,3
7429364,31,1
7431985,284,2
7433356,628,1
7436546,138,1
7437017,94,16
7438625,100,1
7440487,871,2
7441331,514,1
7441951,569,10
7442764,400,4
7443521,35,1
7443841,735,6
7443927,469,3
7443996,13,1
7444450,307,3
7444670,65,11
7445142,501,1
7445748,199,3
7445787,556,1
7446851,36,1
7447077,603,5
7447151,318,8
7448002,108,1
7449926,294,1
7450301,17,1
7451336,83,1
7453040,284,2
7453289,111,2
7453704,253,4
7455025,112,1
7458871,209,1
7459730,97,1
7462803,77,1
7464119,764,1
7465111,259,101
7465500,342,6
7466822,39,1
7467033,803,17
7467177,61,1
7467299,566,2
7467924,88,1
7468219,51,1
7469147,202,1
7469601,282,2
7470372,691,13
7470848,165,5
7472522,1542,1
7474539,126,12
7475122,26,1
7478188,392,18
7479221,120,1
7479615,150,6
7481070,113,1
7484976,236,3
7485556,71,3
7486519,52,3
7489372,239,11
7489833,410,6
7492558,170,1
7492794,91,2
7493900,45,3
7494915,606,5
7495436,26,4
7495782,130,1
7497301,313,1
7497345,172,1
7500464,202,3
7501498,333,3
7503295,489,1
7504669,29,1
7505865,312,1
7506220,203,2
7507633,55,1
7507913,1314,6
7513935,79,1
7516477,451,1
7517221,427,14
7517771,629,6
7518327,529,2
7518990,212,6
7519818,205,0
7522438,753,8
7523526,155,1
7528033,304,1
7528427,72,1
7529095,26,1
7529953,122,2
7530444,230,7
7532816,98,2
7538331,93,1
7541247,33,1
7545353,4,1
7546778,143,11
7551924,732,4
7556225,64,3
7557208,172,1
7557578,41,2
7558723,164,16
7561402,275,2
7563166,237,2
7567757,116,2
7567981,61,1
7570138,710,20
7571400,262,1
7571714,948,6
7572711,32,0
7572762,192,5
7572788,514,2
7575180,632,2
7575462,132,1
7576623,111,4
7578374,142,2
7579920,207,1
7580892,126,2
7582036,168,1
7582079,434,4
7582273,55,1
7582394,71,1
7583764,143,7
7585381,400,5
7586372,161,1
7587219,222,0
7592418,40,1
7593514,339,1
7596900,290,4
7598827,349,6
7599108,104,1
7602345,229,6
7606183,429,1
7606957,501,1
7607363,121,1
7607785,107,3
7607941,235,1
7608606,310,4
7608934,48,2
7610404,513,1
7611782,502,1
7614324,790,13
7621747,140,2
7623770,548,1
7624760,328,2
7625712,289,2
7627919,37,1
7627920,389,2
7631320,242,13
7632252,18,0
7632527,355,1
7635066,646,25
7635194,201,4
7636031,245,1
7636798,678,6
7637099,334,9
7639857,284,1
7640164,487,1
7640172,178,18
7642029,172,1
7642754,302,6
7643035,2009,98
7644823,148,2
7646725,13,1
7649305,152,2
7650176,210,1
7653494,186,1
7653804,787,4
7655305,12,1
7656157,79,2
7657562,49,3
7657758,1522,28
7658156,1709,31
7660008,412,3
7661039,344,13
7664900,199,9
7665058,262,1
7671265,47,0
7671468,841,4
7672689,274,3
7673411,146,1
7676944,65,3
7680385,6809,4
7683924,52,2
7684028,938,7
7687052,48,2
7688081,242,2
7691597,472,23
7695743,160,1
7697008,830,1
7697677,103,1
7698457,39,1
7701732,329,6
7705683,439,1
7706923,203,1
7708793,171,1
7710530,49,3
7714312,15,1
7717266,179,2
7718159,209,1
7719693,557,1
7720042,240,1
7734185,709,3
7736807,164,16
7742663,229,1
7742683,112,2
7746644,177,8
7747372,266,7
7750218,57,1
7754819,24,1
7755082,190,3
7759542,599,8
7760258,238,7
7760663,535,2
7761294,171,1
7764398,1320,5
7765302,119,2
7767224,195,2
7767647,347,3
7769277,383,4
7772075,30,1
7775536,171,1
7785031,567,7
7787143,141,1
7787288,34,2
7792847,124,1
7802677,20,1
7806131,19,1
7809964,119,1
7810596,384,5
7813878,84,1
7814176,87,1
7814481,442,1
7815792,31,1
7816355,736,0
7816814,277,1
7821533,314,6
7824515,569,2
7824848,197,1
7825962,211,1
7826196,454,3
7828822,736,2
7840276,18,13
7843317,218,1
7846928,168,3
7847234,2036,27
7848878,240,1
7854206,158,1
7854286,60,1
7858680,285,2
7864086,94,1
7865508,43,1
7865831,856,2
7867064,34,1
7868532,31,1
7872046,326,1
7873801,12,1
7874363,150,1
7879915,351,1
7884949,92,1
7887096,118,1
7889340,553,1
7889550,185,2
7890832,112,3
7892465,246,1
7893501,42,1
7894674,9,1
7899129,403,11
7900846,269,1
7901139,145,8
7902549,100,1
7908426,116,2
7913619,43,1
7913717,320,2
7914026,39,1
7919078,21,1
7919836,725,2
7922172,151,1
7928108,54,2
7929614,150,2
7932986,422,1
7933482,430,5
7933687,154,2
7933753,3452,2
7934622,361,1
7934754,552,14
7935095,1036,1
7936432,211,1
7938717,43,1
7938947,27,1
7939548,506,6
7939663,39,1
7941328,891,5
7941443,122,1
7942819,2855,1
7944065,140,1
7944346,232,2
7944864,149,1
7946403,71,1
7947587,1118,46
7948440,206,1
7948658,184,1
7949688,204,11
7949877,286,4
7954327,499,2
7955602,9,2
7957770,207,3
7958561,333,4
7961559,214,6
7964210,123,1
7964294,638,2
7966578,201,5
7968471,626,1
7969491,1436,2
7971243,71,1
7972973,35,1
7974000,72,1
7974112,203,1
7976448,37,3
7980210,72,3
7981262,195,1
7981294,55,3
7981674,383,1
7987463,312,27
7988005,124,14
7991334,74,3
7992259,164,1
7993527,565,6
7994135,111,2
7994185,275,3
7994473,93,2
7994570,193,2
7994746,259,4
7994772,109,1
7994831,47,2
7995212,94,6
7995287,1134,1
7995462,56,1
7996091,31,1
7996423,63,1
7997949,319,4
8003952,131,3
8005628,572,20
8007529,33,12
8008133,196,2
8009219,18,1
8012938,20,1
8013479,435,3
8015430,156,1
8022803,284,2
8023013,666,5
8027679,261,1
8028274,319,16
8028383,187,2
8032454,148,1
8040850,75,1
8041825,262,2
8042282,153,3
8042592,108,3
8044145,47,0
8056822,49,2
8064670,15,2
8068264,1029,2
8071647,163,4
8074499,23,1
8077052,348,2
8077085,322,1
8078514,75,2
8079801,101,1
8081600,29,1
8083145,73,1
8085235,665,2
8088221,405,1
8089223,84,2
8089443,78,1
8090906,938,9
8091570,54,1
8092706,431,4
8093563,239,5
8097138,225,3
8097761,134,1
8097852,184,4
8099214,377,5
8101142,51,1
8101710,381,1
8101841,458,11
8105916,637,3
8106700,23,1
8117636,53,1
8118796,155,3
8119380,39,1
8119626,576,7
8122926,237,1
8126208,338,12
8126553,87,1
8128964,718,9
8130970,180,2
8131854,251,2
8135525,159,6
8135618,103,1
8136125,343,2
8136982,235,2
8137889,5,3
8140667,282,2
8141143,9,2
8141160,158,1
8141541,163,4
8144519,161,1
8145180,182,1
8146903,166,1
8151117,93,1
8151368,67,2
8151642,287,2
8152353,81,3
8155442,155,10
8155993,136,1
8157387,56,3
8157643,469,12
8158082,101,5
8159685,239,1
8161291,98,2
8163325,431,1
8164807,269,4
8169085,12,1
8170842,111,3
8171205,224,1
8172939,99,1
8178740,422,4
8181991,228,1
8182867,860,1
8186568,211,1
8186966,465,18
8188426,130,1
8189842,101,1
8190093,314,4
8191778,152,1
8192495,148,1
8195585,224,1
8196772,1361,9
8199098,822,7
8200212,209,1
8200935,82,1
8201956,112,1
8203255,436,10
8203345,146,1
8204293,297,1
8205554,119,2
8207233,170,1
8209139,231,1
8210893,191,1
8210904,103,1
8212977,444,12
8213324,165,1
8213516,293,2
8214689,258,1
8214711,362,12
8214877,34,1
8215191,351,1
8217647,140,4
8217816,92,1
8220905,202,1
8225770,155,1
8229083,25,1
8229585,177,1
8229651,364,1
8231504,289,2
8232808,33,1
8234959,933,4
8237744,488,1
8239996,345,1
8242904,108,1
8242999,2161,7
8252452,175,5
8256753,523,4
8260255,574,1
8260783,24,1
8262447,451,1
8264346,149,0
8264510,159,3
8267357,700,3
8267742,510,1
8267968,130,1
8270942,674,23
8271236,210,1
8273206,238,1
8274486,186,4
8276882,208,2
8277281,1117,4
8278309,151,1
8278663,2021,1
8280514,160,2
8280521,325,1
8283931,340,1
8284405,406,3
8292927,178,5
8294279,663,3
8298894,38,1
8303407,181,20
8305570,117,2
8305783,111,1
8312150,68,1
8313150,277,1
8315816,302,2
8315989,139,2
8317787,17,1
8319096,96,3
8320836,111,4
8320943,136,1
8321287,191,4
8321768,30,1
8321782,98,4
8322255,28,1
8322872,431,6
8323402,272,5
8327832,164,1
8329284,75,0
8330981,66,1
8332557,487,1
8332979,340,3
8333207,38,1
8336247,74,1
8341185,170,1
8341334,45,1
8343892,286,13
8346417,265,1
8346537,176,10
8347725,657,12
8350533,197,1
8350548,163,2
8357662,234,1
8358925,192,2
8361661,231,1
8362755,367,42
8363225,88,5
8365688,20,2
8366594,206,4
8366858,161,8
8366960,364,1
8368775,174,2
8369843,379,2
8370902,215,1
8372130,81,1
8372489,111,1
8374466,121,2
8376387,259,3
8377974,269,1
8378562,216,1
8381279,1077,3
8387045,10,1
8387546,175,1
8388371,330,3
8388882,30,1
8391295,206,1
8392104,2,1
8392431,9,1
8392487,231,4
8392645,373,3
8393550,38,1
8395127,184,2
8399848,240,4
8401806,151,5
8402586,63,1
8405036,490,5
8405400,496,1
8405594,103,3
8405973,184,1
8406391,434,12
8407681,681,6
8409431,470,1
8409864,19,1
8410362,125,1
8411319,1153,2
8411545,214,1
8411888,402,5
8412182,423,5
8412787,504,2
8413117,435,2
8413760,403,5
8414022,119,1
8414055,329,3
8415129,114,3
8417155,232,9
8418980,209,3
8419107,204,1
8419525,52,1
8420018,409,1
8420460,132,1
8421893,128,3
8422322,220,2
8423870,273,1
8424562,374,8
8425899,161,1
8427409,152,2
8427637,312,1
8428395,256,1
8430192,694,9
8430642,101,2
8432462,57,1
8432974,31,4
8433536,176,7
8435405,284,1
8437122,252,2
8437397,20,0
8438478,441,2
8439920,114,4
8441057,86,1
8442279,122,1
8442785,9,1
8443027,122,1
8443148,291,1
8444317,6,1
8447739,44,1
8449686,21,0
8450024,78,1
8451718,76,1
8452098,91,1
8452298,196,1
8453009,1054,3
8454219,92,3
8455556,645,7
8456058,479,0
8460717,235,3
8461313,169,2
8461954,25,1
8462836,314,6
8463066,31,14
8466158,64,1
8466344,388,1
8468066,15,1
8469901,303,2
8470475,233,3
8470585,272,2
8471496,290,2
8471593,134,1
8472648,389,6
8472835,41,1
8474976,219,2
8476251,332,7
8476683,330,1
8477734,5943,2
8478214,223,1
8479545,773,2
8479852,253,1
8480765,53,1
8480957,22,2
8481056,625,4
8482060,383,2
8484360,1057,2
8486532,137,1
8489153,376,4
8491886,193,8
8492278,365,8
8493621,83,1
8493639,232,1
8494914,81,2
8495342,68,1
8495837,144,5
8496465,66,0
8499201,31,2
8499703,76,3
8500539,101,1
8501984,342,3
8502019,128,1
8507199,196,4
8511435,41,1
8511479,952,8
8511679,422,1
8516415,3,2
8516880,130,3
8517507,103,3
8518553,253,1
8520204,20,1
8525708,678,1
8526624,338,3
8527855,358,2
8528460,93,1
8528492,358,1
8529330,242,3
8530839,400,6
8530859,448,9
8530887,55,4
8531192,49,1
8535425,15,1
8535971,285,4
8536306,376,2
8538587,428,1
8540291,618,1
8541379,161,5
8545400,152,2
8546581,188,5
8546654,115,1
8547085,225,1
8548562,115,1
8550413,314,1
8551827,220,1
8552513,425,2
8553211,1848,12
8555414,263,1
8555884,199,1
8556188,76,2
8557604,100,1
8557802,323,15
8560071,214,1
8560174,156,5
8560514,908,3
8563237,431,24
8564073,323,3
8564318,216,1
8565774,134,2
8566337,190,3
8567668,18,2
8567698,136,5
8568247,816,4
8571968,64,1
8572151,638,10
8572454,101,6
8573888,220,1
8574039,268,1
8575135,397,5
8576282,27,1
8579173,114,3
8579767,526,1
8580150,323,0
8580600,186,3
8582844,238,2
8584796,694,1
8589264,194,1
8589495,141,4
8591282,313,3
8591804,219,1
8593737,164,1
8593971,672,4
8594729,28,1
8597643,957,4
8599381,2061,2
8599431,171,1
8599464,288,2
8599686,178,2
8599792,2297,15
8602558,2282,1
8603091,47,1
8604211,206,1
8608530,20,1
8608835,227,1
8610182,5,1
8610399,731,4
8610761,677,4
8613466,25,1
8615188,216,2
8615288,204,1
8617455,6238,20
8618409,386,10
8621958,1202,2
8622176,578,1
8623445,377,1
8624193,44,2
8624516,340,3
8624677,183,1
8626878,1091,2
8629065,216,4
8630287,44,1
8633928,281,2
8635819,9,1
8636314,1026,5
8637969,110,1
8642262,184,1
8642358,368,16
8643765,59,5
8644610,542,1
8644918,28,1
8646077,247,3
8646404,129,2
8648956,312,2
8649814,543,67
8655602,324,2
8655766,442,1
8656542,110,5
8656552,1582,2
8657690,460,4
8658112,228,3
8659184,115,1
8659653,7,1
8660472,1120,33
8663545,275,3
8664348,1010,1
8665521,465,12
8666159,351,1
8666212,1310,8
8670654,144,35
8674738,421,3
8675267,158,1
8677273,131,25
8681617,187,1
8681639,342,13
8682268,203,4
8684904,303,1
8688795,315,1
8690491,158,0
8692480,102,1
8693394,138,1
8694656,965,1
8696891,108,2
8697501,580,1
8700429,184,1
8704730,260,1
8705324,1689,3
8706617,1443,6
8707184,558,6
8708250,109,1
8709677,106,1
8713747,112,7
8718281,164,1
8720042,544,3
8720652,1010,6
8721069,56,1
8721289,334,3
8721295,188,3
8721854,130,1
8724620,148,1
8725593,668,1
8730068,1168,1
8731006,194,3
8731282,97,1
8731905,163,7
8733233,15,1
8733377,1179,3
8734111,160,2
8734424,682,1
8735326,145,3
8735329,374,6
8735618,176,3
8738233,253,1
8738890,148,1
8739431,247,1
8742861,117,1
8744654,66,1
8744813,1125,5
8745099,26,1
8745469,480,2
8746294,237,2
8748503,250,1
8751459,71,1
8752575,72,4
8753501,29,4
8753867,33,1
8754149,153,1
8755204,137,10
8757896,522,8
8758385,968,27
8759049,45,1
8764479,152,1
8765029,391,5
8765181,114,2
8766091,330,1
8768067,231,3
8769729,370,6
8769959,147,1
8770983,1377,8
8771560,175,1
8773017,283,1
8773292,47,1
8773745,2818,25
8775039,296,9
8775445,191,1
8776155,47,1
8777068,671,3
8777932,1652,20
8778068,103,1
8779754,76,1
8779797,383,2
8784195,92,1
8784548,9,1
8784867,384,1
8787169,159,1
8787526,121,7
8790599,417,11
8793937,13,1
8794606,111,3
8798302,677,1
8799023,255,1
8799128,380,2
8802202,369,2
8802544,102,2
8803037,257,6
8808601,530,2
8809617,582,9
8812305,442,2
8818339,442,12
8820832,157,3
8824989,225,2
8827491,805,1
8831614,341,1
8833559,377,5
8835286,8,3
8835324,86,1
8836579,766,2
8837247,214,6
8838985,196,3
8843145,1275,5
8844518,730,1
8844774,53,3
8847453,172,1
8848498,86,1
8850608,138,3
8851273,1073,8
8852826,452,5
8854061,151,1
8856254,43,1
8857634,133,4
8859258,224,1
8860388,131,2
8860410,366,2
8860554,187,5
8860753,473,2
8862955,248,3
8863868,323,1
8868524,163,18
8868959,197,2
8868985,197,2
8871170,169,1
8879401,55,2
8879601,129,2
8880694,765,13
8881338,62,1
8885502,128,1
8885527,181,1
8886902,162,7
8887496,259,32
8888470,409,1
8890635,624,1
8891712,36,0
8892707,283,3
8893293,361,2
8896136,489,32
8896850,98,1
8898096,217,7
8899160,523,2
8899863,136,10
8900088,336,5
8900569,28,1
8906208,40,1
8907731,262,6
8909236,401,3
8910348,314,4
8911262,293,1
8913773,148,1
8914764,496,9
8915781,26,0
8916818,42,1
8918998,246,11
8920660,102,4
8924063,197,21
8926151,203,1
8930650,864,8
8931703,113,1
8933269,165,1
8937339,163,4
8938441,932,3
8940022,122,1
8944133,194,1
8945052,516,9
8945088,330,7
8946203,428,3
8948953,74,1
8949867,757,2
8950843,320,16
8953634,145,8
8956329,255,3
8956689,365,8
8957919,226,1
8958531,694,1
8958774,65,1
8960042,323,5
8960841,103,1
8960915,281,3
8962259,214,1
8962612,85,1
8964873,145,1
8966669,236,3
8966958,63,9
8968327,116,11
8971722,11,1
8974075,11,1
8976294,58,1
8977906,31,1
8979800,1756,3
8980644,21,1
8983600,36,1
8983857,457,1
8986600,59,3
8988125,53,1
8989581,39,1
8992642,258,2
8993746,259,2
8994087,185,2
8995738,315,1
8999365,312,1
8999931,268,1
9000908,172,1
9006592,221,2
9006715,205,2
9007739,51,1
9011665,158,2
9012341,298,2
9015340,905,15
9015705,1784,4
9016072,171,1
9019150,516,14
9021833,277,4
9022755,450,1
9023618,110,1
9024425,43,1
9024956,1826,1
9027788,358,3
9028584,96,1
9029246,166,1
9030147,409,8
9031458,248,38
9039691,378,1
9040027,58,1
9040155,223,1
9044153,179,1
9044173,194,0
9044255,11,1
9044425,41,3
9044960,806,10
9045369,46,1
9046730,82,1
9049281,846,17
9053332,182,1
9053957,91,2
9054051,60,1
9054261,120,5
9056776,139,1
9057018,1155,8
9058471,65,1
9060123,653,2
9060434,2,1
9065736,230,1
9068363,69,1
9072474,296,1
9073033,159,1
9074218,108,2
9077134,349,2
9078179,380,1
9080090,235,3
9081637,275,1
9082536,750,612
9083285,1149,2
9083700,218,2
9086712,3252,59
9088780,480,1
9093509,505,1
9093842,228,2
9094213,162,1
9094370,758,13
9096103,253,2
9096134,997,1
9097229,299,3
9097434,94,5
9098817,428,17
9099948,242,1
9100220,2833,1
9108736,200,1
9110141,253,3
9111240,390,3
9111598,383,1
9112839,299,8
9114277,341,10
9114784,16,3
9115757,905,1
9116589,578,1
9119557,275,2
9120896,105,2
9121237,283,1
9122362,130,1
9123822,87,0
9124408,630,1
9126605,372,1
9128775,39,1
9129332,1547,3
9132676,48,1
9135156,241,0
9137157,560,1
9141905,95,1
9143126,158,6
9143936,392,14
9146915,17,1
9147435,315,1
9147873,195,7
9151460,254,1
9153452,48,3
9153646,107,4
9154706,1103,4
9157294,3402,8
9158818,477,53
9159893,99,1
9161014,246,1
9161024,359,1
9163704,563,1
9165153,93,1
9167575,199,2
9169433,106,1
9171441,242,15
9172321,155,4
9172501,847,2
9173373,171,1
9173475,136,1
9173763,275,1
9174560,212,6
9175032,308,15
9175139,406,4
9175198,185,1
9175581,319,2
9176400,179,1
9178521,271,1
9178539,16,1
9181182,301,5
9184454,512,2
9186916,79,1
9189083,84,1
9189830,185,2
9190307,24,1
9190539,478,1
9191315,725,14
9191521,606,2
9194230,658,2
9194585,340,2
9195529,186,3
9196820,100,1
9203553,173,1
9203916,68,23
9207985,18,1
9208289,69,1
9209963,298,1
9209965,98,1
9210870,178,3
9214607,21,2
9222182,131,3
9223384,97,1
9228158,316,2
9228889,28,1
9230361,577,5
9230851,96,8
9232982,120,5
9233501,293,10
9235336,1317,4
9237029,306,3
9238385,38,6
9239079,38,0
9239704,301,2
9240132,177,2
9241261,276,1
9243289,161,2
9244391,717,11
9249378,595,6
9250766,389,5
9250836,285,2
9251148,179,2
9254474,252,1
9255143,139,1
9258459,691,8
9260939,70,1
9260949,273,2
9261312,572,6
9262512,157,1
9263069,530,1
9265966,111,1
9266402,292,1
9267485,59,1
9268467,64,1
9269975,70,1
9272177,61,1
9273247,37,1
9276427,179,1
9278362,86,1
9278774,33,4
9279682,100,1
9279820,72,1
9282460,180,2
9282580,239,2
9283110,50,2
9284327,367,4
9285493,410,1
9285867,75,1
9286181,121,1
9286576,202,1
9289165,705,1
9289678,116,2
9291510,423,1
9293056,111,2
9294275,182,4
9294356,249,1
9297451,147,1
9298292,45,1
9298586,83,1
9300028,63,1
9300102,177,3
9300667,71,1
9303531,89,1
9306531,447,5
9306992,56,1
9307650,37,3
9310820,241,1
9311132,1385,2
9311725,43,1
9313001,104,1
9313466,1118,1
9313708,78,1
9315418,6,1
9316544,176,5
9316823,605,15
9317811,113,1
9319416,1490,3
9321269,219,4
9322288,333,8
9324307,245,2
9325505,265,2
9325680,22,1
9326364,135,1
9329153,202,1
9329918,121,4
9333336,36,1
9334940,204,2
9335771,379,6
9336555,25,11
9337503,89,1
9338258,136,1
9338527,147,2
9339076,505,3
9340392,63,1
9344872,631,1
9345997,35,1
9348002,82,1
9348290,319,1
9348494,36,1
9349056,439,1
9349598,828,5
9349848,171,4
9350970,673,1
9351114,311,1
9352540,170,2
9352708,717,1
9354337,99,5
9355005,543,5
9361298,182,1
9361398,255,1
9361929,840,1
9362089,802,3
9364014,492,3
9374323,2152,2
9375014,135,1
9375099,644,3
9375580,159,1
9376116,31,1
9376238,122,2
9377317,169,2
9377750,287,2
9377914,483,2
9379310,11,1
9380269,38,1
9381962,18,1
9382129,1860,13
9385022,429,1
9385308,61,2
9386057,85,1
9386178,124,2
9387687,217,1
9388273,48,1
9390663,632,2
9391177,134,2
9391438,80,1
9392892,74,2
9395393,129,2
9397244,139,4
9397412,51,1
9397614,105,1
9399392,60,3
9400929,153,1
9401151,432,2
9403558,376,1
9403705,58,1
9404034,137,4
9404723,214,6
9406222,291,1
9406400,75,1
9407690,123,2
9409213,45,1
9413531,208,4
9414990,144,2
9417141,92,0
9418439,319,2
9420655,336,1
9422240,254,1
9424546,593,2
9424571,195,1
9429270,244,7
9429320,204,1
9430769,40,2
9435287,1370,2
9435583,160,0
9438372,466,1
9442364,262,6
9444101,397,11
9448849,85,1
9449756,348,3
9450345,284,1
9450578,54,2
9452088,5,1
9454282,537,24
9456125,140,3
9458029,417,4
9459302,510,71
9459954,167,1
9459974,757,10
9462102,320,2
9462852,890,1
9464714,153,1
9466793,69,1
9467168,448,2
9467533,411,1
9468105,740,8
9468954,285,5
9469551,145,11
9470618,2361,2
9471677,250,4
9472620,151,1
9473618,225,1
9473677,2029,6
9473905,72,2
9473924,108,13
9474932,301,1
9478596,37,1
9479848,177,1
9481245,152,4
9481508,158,1
9484944,124,35
9485668,922,14
9485857,402,1
9486532,270,2
9489450,280,2
9489856,177,3
9491034,246,2
9491472,191,8
9492102,55,16
9495489,10,1
9497767,1311,5
9499087,566,2
9502031,195,2
9502218,4,0
9505422,77,2
9505811,73,1
9507919,553,1
9508006,458,1
9508713,316,2
9511766,21,2
9513574,1475,9
9514599,47,1
9516388,50,1
9517530,147,2
9517560,413,1
9518552,3361,13
9520990,295,1
9522323,676,14
9522475,129,4
9523155,222,24
9524214,175,5
9525886,91,0
9526238,108,2
9526843,335,4
9526997,366,2
9527369,33,1
9528727,113,2
9528909,179,1
9532010,100,1
9534626,83,1
9534666,375,10
9534994,32,3
9535134,289,2
9535462,44,1
9536240,51,3
9539752,176,1
9540109,177,2
9540340,73,1
9540528,312,5
9548153,923,1
9551993,56,1
9557332,204,5
9561145,73,1
9562236,502,1
9562788,60,1
9563746,177,3
9567484,48,1
9568530,275,1
9570789,71,3
9570915,34,1
9575635,310,4
9578028,76,1
9578093,351,4
9580004,118,1
9582820,1162,1
9587207,193,13
9588496,162,1
9592268,49,1
9597704,667,5
9597847,182,0
9600686,21,1
9608291,94,1
9611817,838,5
9612210,56,1
9612416,528,1
9612630,148,1
9614756,264,1
9618996,286,12
9622550,204,5
9623879,202,2
9625852,74,1
9626737,1132,1
9627734,293,5
9629164,819,3
9634232,116,1
9634567,2,1
9635069,656,1
9636162,87,2
9638267,472,1
9639396,187,1
9643472,226,1
9643997,262,1
9649139,187,1
9649934,173,2
9651196,500,2
9651299,10,1
9651500,100,4
9651956,56,3
9653847,232,1
9656439,382,0
9658560,1064,8
9659580,23,1
9661111,326,3
9661726,148,2
9662684,129,4
9662794,24,1
9664331,71,1
9665950,2149,5
9666295,199,1
9668106,125,12
9669212,78,3
9672754,168,3
9673512,69,1
9674027,170,1
9675102,180,3
9676133,517,2
9677388,537,1
9679195,483,10
9679659,351,2
9681285,751,9
9682753,848,17
9684526,528,15
9684982,49,2
9686783,196,3
9688634,110,2
9689504,247,34
9690929,65,2
9690995,278,1
9692577,613,1
9692863,327,1
9693727,85,2
9694076,97,1
9697615,485,5
9698238,165,3
9702080,42,2
9705173,289,3
9706283,82,5
9709923,425,1
9709952,281,1
9712220,556,1
9714024,304,4
9715384,1023,3
9718281,85,1
9719804,592,1
9721030,143,1
9721931,615,6
9723938,531,8
9724853,302,2
9724950,621,1
9725483,5,1
9726643,21,1
9730080,226,1
9731084,517,2
9731323,195,1
9732984,22,1
9734217,160,7
9734785,155,1
9735349,321,6
9735940,150,2
9736378,154,2
9736955,33,3
9737190,388,4
9737355,244,1
9737831,272,1
9738180,90,1
9738785,262,1
9743190,595,5
9746379,57,1
9746887,41,1
9746981,117,3
9748607,7,1
9749689,128,1
9749729,74,2
9750191,171,2
9750298,125,3
9750937,281,1
9753897,29,1
9754558,214,5
9756083,34,0
9758078,74,5
9759873,84,1
9759905,75,2
9761958,184,6
9764616,106,3
9765395,80,1
9765693,275,2
9767766,305,2
9771439,57,1
9773970,110,4
9774490,477,2
9774722,115,2
9774964,647,13
9775294,112,1
9777591,800,9
9779345,223,1
9780221,250,1
9781450,1205,1
9781745,432,5
9782938,485,1
9783081,560,1
9784519,256,1
9787257,375,4
9787376,174,1
9787394,171,5
9787671,256,1
9788959,76,1
9789413,79,2
9790039,500,1
9791376,466,7
9794181,419,4
9800171,165,2
9800482,121,1
9801380,245,1
9802110,110,3
9808734,495,1
9814483,2267,6
9818977,214,2
9819330,195,2
9819538,374,5
9819569,287,1
9819608,546,3
9819853,70,1
9819935,3,1
9821578,26,2
9823609,144,1
9823667,39,1
9823917,83,1
9825058,2,1
9826122,73,2
9826838,330,1
9833531,106,2
9834381,51,1
9834668,121,1
9837861,325,6
9839237,271,2
9839847,236,4
9840801,28,2
9840817,148,1
9841236,839,18
9844238,96,2
9846339,123,2
9856899,89,1
9858534,120,2
9865019,387,8
9865098,322,1
9865746,162,2
9866597,36,1
9874543,27,0
9875550,128,3
9879063,389,7
9879186,131,2
9880971,511,6
9882409,125,1
9883788,378,11
9884229,157,1
9887813,166,3
9889314,14,1
9889423,392,4
9892968,106,1
9894084,141,4
9898050,102,2
9900183,200,1
9900777,207,13
9902113,747,2
9903701,76,2
9905184,310,1
9905560,154,1
9906872,179,3
9910955,1170,1
9916475,182,1
9918547,143,2
9918901,113,1
9919696,52,0
9920385,148,3
9922296,294,1
9923492,121,3
9923755,175,1
9923917,42,1
9927982,27,1
9929675,29,1
9932504,215,1
9934300,182,1
9936564,28,2
9936842,52,1
9937053,172,18
9937700,338,1
9938856,252,1
9942043,183,7
9942530,212,2
9943271,233,1
9944921,176,3
9946785,132,2
9947156,121,6
9949197,235,1
9949367,108,6
9951421,53,3
9951550,85,2
9953554,130,1
9954038,120,1
9955553,95,2
9955895,319,2
9956178,104,6
9957341,344,1
9958068,20,1
9958598,129,1
9959446,113,1
9960185,254,1
9962190,105,2
9962976,353,7
9963068,129,20
9964221,32,1
9964431,340,2
9965277,82,1
9966160,3842,111
9966174,407,9
9967629,109,1
9967826,27,1
9969400,129,1
9970001,553,4
9970184,16,1
9971251,73,1
9973248,647,1
9974039,52,1
9974660,148,4
9975446,617,1
9975802,284,24
9976600,351,1
9976689,22,2
9977007,290,1
9978997,356,2
9979232,156,6
9981729,119,1
9983455,169,2
9984442,93,3
9984556,96,4
9984778,398,19
9984836,78,1
9986462,247,4
9991271,378,1
9992120,110,1
9992580,223,2
9993132,322,5
9994756,219,2
9995807,35,0
9997888,327,9
10000000,100,1
10000814,123,2
10001767,293,2
10002061,154,1
10006389,40,1
10007100,424,3
10007910,139,3
10010751,1713,31
10010929,280,4
10012542,65,1
10015192,113,2
10018702,58,1
10024553,100,1
10025409,212,1
10026445,391,2
10028189,24,1
10028949,20,1
10029344,465,6
10033090,124,3
10033409,137,1
10033488,9,1
10034875,176,1
10034911,70,3
10038008,21,0
10039084,273,2
10040227,403,6
10040762,421,2
10041510,252,15
10043338,280,2
10044436,254,1
10046081,649,1
10046624,288,3
10046699,77,1
10048306,126,1
10048586,221,9
10048706,227,1
10049102,15,1
10049681,600,5
10051288,442,2
10055086,28,2
10055578,101,1
10059638,10,1
10061042,66,1
10061477,661,3
10061574,626,9
10062115,188,2
10068640,552,3
10069470,69,2
10072787,274,3
10075899,776,4
10077502,96,4
10077986,170,1
10078414,198,1
10078813,1057,1
10078927,46,3
10079985,30,1
10081229,128,3
10082896,199,21
10084283,34,1
10085883,653,7
10086668,63,1
10086803,117,3
10089270,151,1
10089698,226,14
10091277,512,3
10091638,294,8
10091795,68,1
10092831,146,4
10093922,23,1
10096071,44,6
10096291,154,5
10096689,103,2
10098239,401,1
10100561,138,1
10102087,501,2
10102442,30,1
10102928,78,1
10103687,56,1
10103747,592,1
10103787,45,1
10104134,164,3
10104205,335,15
10104285,64,3
10107001,311,1
10108558,37,2
10109454,131,1
10109678,405,25
10110318,1052,3
10110941,27,1
10111632,76,1
10112728,13,1
10113768,638,1
10114605,120,1
10118516,439,3
10118735,54,1
10119059,549,9
10119116,62,1
10123571,62,6
10124019,344,1
10124201,76,2
10124797,313,1
10126046,97,3
10132002,371,1
10133283,517,1
10134215,555,2
10134608,1023,2
10137032,51,1
10137808,49,1
10139339,103,1
10140675,29,2
10145559,1208,11
10146477,117,2
10148756,245,2
10148757,136,1
10148903,347,1
10149303,530,5
10151001,340,4
10151099,39,1
10155759,1345,8
10157054,128,1
10160993,64,2
10161012,295,1
10162129,57,1
10162425,89,1
10164814,31,1
10166218,226,1
10167189,254,7
10167219,103,1
10168266,36,1
10168593,271,1
10168747,276,2
10170116,43,1
10170386,483,1
10170728,156,13
10172298,199,2
10174736,254,1
10177379,253,1
10177936,168,1
10178448,20,1
10179101,285,1
10179897,206,1
10180962,154,4
10181930,866,78
10182589,71,2
10183946,186,1
10185171,277,1
10186785,967,1
10187160,233,1
10191932,52,1
10193146,75,1
10193160,383,1
10193650,517,1
10194162,39,1
10194879,326,3
10198055,609,6
10201157,51,3
10202321,19,1
10203544,83,1
10204540,102,3
10204746,239,3
10205775,47,2
10206982,138,2
10207515,29,3
10208034,77,2
10210372,123,1
10210840,117,2
10211429,437,29
10212483,32,1
10213003,10,2
10213712,127,1
10216016,2159,7
10217708,292,2
10224013,272,4
10224104,58,1
10225699,271,7
10226967,544,1
10230756,516,2
10232190,134,2
10232968,269,1
10233011,265,4
10235627,82,0
10235797,197,1
10237272,853,5
10237313,285,1
10239304,132,8
10245381,626,3
10245992,199,1
10247149,166,1
10247240,174,1
10251912,21,2
10253387,357,4
10253697,1084,5
10254203,1403,4
10254400,1542,4
10254657,90,2
10254886,372,1
10255930,56,2
10256744,211,3
10258651,113,1
10261957,269,3
10265267,222,1
10267484,114,1
10268027,84,1
10270815,65,1
10271680,593,1
10274041,236,1
10275329,315,3
10275919,318,3
10278341,26,1
10278587,296,14
10278940,382,2
10281008,468,5
10284709,47,6
10286046,1522,4
10286261,48,3
10286307,231,1
10287111,180,1
10287376,83,1
10289795,338,1
10292205,215,1
10295814,532,26
10297369,134,3
10299594,382,5
10301570,641,1
10301785,226,3
10303935,15,1
10303973,258,7
10305055,706,6
10305590,463,2
10305767,60,1
10306324,182,18
10308821,175,4
10309592,117,2
10310823,565,4
10311238,89,3
10312010,308,4
10315229,110,1
10315416,630,2
10316068,112,1
10316534,23,1
10316997,38,1
10317118,316,0
10319997,287,6
10321720,203,21
10322116,120,3
10325404,40,1
10328938,75,2
10332204,725,2
10337512,520,43
10339798,265,3
10340225,636,4
10340614,51,1
10342310,255,2
10343134,298,1
10345200,154,1
10347311,118,1
10347414,294,9
10347749,323,3
10348480,124,4
10348769,376,7
10349421,499,4
10350568,220,5
10354826,27,1
10354886,539,7
10355514,705,12
10357693,259,1
10358390,330,1
10358512,79,2
10359223,191,1
10361325,224,2
10364184,19,1
10365357,137,1
10366803,116,2
10367665,304,1
10370980,941,4
10371116,588,2
10380928,177,4
10382344,142,1
10384274,76,1
10385009,346,2
10386356,16,2
10388815,240,1
10392130,323,2
10396448,655,3
10399805,103,1
10402181,34,1
10407007,130,1
10409457,132,1
10409471,190,0
10409551,408,11
10415206,397,11
10416540,137,3
10417238,40,1
10418199,86,1
10418291,2024,9
10418473,95,1
10419529,757,1
10419681,200,4
10420081,148,1
10420416,584,1
10421291,52,2
10422292,423,1
10422891,225,1
10423264,138,1
10425302,222,2
10427467,255,7
10429982,53,1
10431137,394,3
10434717,188,1
10435575,320,1
10436321,28,1
10437138,157,1
10438167,283,1
10444077,271,1
10445837,382,9
10446176,208,1
10448782,147,1
10448854,230,2
10449227,183,1
10449997,380,1
10450651,122,7
10451209,21,0
10452454,159,1
10453407,343,14
10454732,95,1
10455557,153,1
10455770,66,2
10456173,882,1
10457447,398,21
10458274,760,19
10459070,30,2
10461375,477,1
10462002,967,5
10462514,712,1
10462651,95,1
10462910,453,61
10463834,243,1
10465965,44,2
10468927,128,1
10469030,55,2
10469833,250,1
10472279,29,3
10473062,458,7
10477191,282,1
10477478,134,1
10478852,282,3
10479272,173,1
10480653,53,1
10480916,376,5
10481323,27,3
10481458,657,2
10481626,81,1
10483540,41,1
10487965,169,1
10489325,508,1
10490035,21,1
10490627,391,46
10491219,115,1
10491302,145,1
10492674,45,0
10493995,31,1
10495631,616,1
10495735,5,1
10498128,280,1
10498401,78,2
10499164,380,6
10499486,298,10
10502463,99,1
10505871,128,2
10509516,182,7
10509548,180,5
10510974,79,2
10511974,51,1
10516052,37,1
10516825,48,1
10517022,66,4
10517508,229,3
10517954,50,2
10519047,338,4
10519816,92,1
10519925,482,60
10522013,75,1
10524552,861,1
10524598,46,1
10525349,196,6
10526138,173,1
10527791,71,1
10529594,155,1
10530857,163,2
10531811,143,1
10532054,270,4
10533943,64,1
10534804,202,1
10536482,21,0
10537641,33,1
10537777,419,4
10541761,155,3
10545733,207,0
10546815,126,1
10547178,165,1
10551053,195,3
10552589,277,10
10553152,331,1
10558269,489,4
10560982,490,3
10563161,159,3
10563261,239,2
10563489,995,1
10564332,443,1
10564915,86,3
10565024,617,3
10565888,284,1
10568385,15,1
10568498,21,0
10571042,83,1
10571279,89,1
10575891,205,3
10575906,33,1
10577165,117,2
10578350,449,1
10578511,80,2
10580151,65,1
10580464,44,1
10581078,291,13
10581380,2,0
10582700,27,1
10585034,1232,12
10587832,498,2
10587878,91,1
10588979,30,2
10590506,103,3
10591955,442,1
10595318,467,1
10595572,130,2
10595753,460,1
10596243,466,6
10597369,15,1
10597757,153,5
10598550,50,1
10599604,198,2
10599763,271,6
10601788,112,1
10607189,39,1
10608223,412,7
10608530,74,1
10608851,137,4
10609749,518,2
10610059,161,4
10610940,702,5
10611727,171,6
10611933,73,1
10611951,113,1
10612290,241,3
10613411,591,1
10614181,53,1
10614372,60,0
10615466,47,2
10616410,59,1
10617144,564,7
10618359,140,6
10618502,12,1
10620568,79,4
10620769,18,1
10621615,78,1
10622871,1612,1
10623637,230,2
10626630,304,4
10627316,264,1
10627857,69,2
10628168,214,7
10628316,188,9
10630288,129,1
10630334,118,1
10631227,540,9
10631668,193,2
10632735,490,1
10633234,633,14
10633287,70,1
10634540,139,3
10635790,1285,37
10636658,152,4
10636954,253,3
10637322,792,3
10637578,39,5
10638741,214,3
10639012,243,2
10643652,438,23
10645280,256,4
10651392,49,3
10652931,506,4
10654468,72,1
10656980,263,2
10658161,94,2
10664054,181,2
10664371,52,1
10664599,539,3
10665536,241,1
10666896,166,3
10668759,410,1
10668842,274,1
10668984,52,3
10671177,85,2
10672997,17,1
10675059,44,4
10676281,155,2
10676498,472,4
10676979,93,1
10679957,265,2
10680766,101,5
10680822,249,1
10682112,153,6
10682327,470,2
10683716,679,2
10687942,1315,2
10687991,258,11
10689704,132,1
10690578,3,1
10692760,249,1
10692965,243,4
10695753,330,4
10696081,807,6
10696484,338,61
10699203,94,1
10700998,410,5
10702197,44,1
10703525,289,5
10705932,155,1
10706261,167,5
10706680,285,1
10706836,141,3
10707668,862,1
10709031,161,1
10711626,202,2
10712471,214,1
10712489,63,1
10713789,198,1
10714690,34,3
10714892,408,1
10714930,44,1
10719101,141,8
10719311,444,1
10721777,384,7
10722308,396,1
10725692,93,1
10726666,5820,1
10726989,402,3
10728447,41,2
10728739,193,2
10729376,417,3
10730579,8,1
10734186,260,1
10735098,120,3
10738385,251,10
10740458,21,0
10740635,720,13
10741808,232,2
10742378,360,1
10743422,245,2
10743551,61,1
10743835,176,1
10744162,21,1
10744611,280,4
10745528,252,4
10745953,23,1
10746411,1008,10
10747192,25,2
10747962,128,2
10748491,45,1
10748980,54,1
10749264,323,1
10749841,388,8
10750224,61,1
10750606,338,2
10751425,140,1
10752114,195,4
10753089,28,1
10753289,339,1
10753414,529,1
10753685,338,8
10754345,61,1
10754551,65,1
10754781,115,4
10754792,63,1
10756188,317,4
10756226,393,5
10757219,21,1
10757964,838,9
10758374,102,2
10758377,287,1
10758412,70,1
10759449,113,1
10759588,208,1
10760300,54,1
10760379,82,1
10760407,161,1
10760628,126,5
10760968,324,7
10762773,113,3
10763343,184,5
10763410,580,3
10763658,78,6
10764777,85,5
10764913,321,1
10766764,35,1
10767760,719,1
10768394,54,1
10768758,156,1
10770383,361,2
10770748,144,1
10771143,110,2
10771978,110,2
10771988,58,5
10774701,52,0
10775916,356,1
10776673,39,2
10778593,36,1
10779054,87,2
10780256,19,1
10780306,270,4
10780512,154,1
10780989,106,1
10781115,127,2
10781428,379,3
10781637,61,2
10782714,48,1
10782774,361,1
10783429,847,67
10784029,513,1
10784638,283,1
10785266,398,1
10788277,123,1
10788305,94,0
10788804,153,3
10789024,198,1
10791067,439,7
10792539,301,1
10794845,384,1
10796905,1554,1
10796988,176,9
10798395,36,2
10798798,50,2
10800403,161,7
10801021,157,3
10801554,90,1
10802221,169,5
10802308,562,5
10802659,411,1
10803986,716,1
10804551,296,7
10806248,232,7
10806391,223,2
10807121,81,1
10807250,460,2
10808137,520,1
10808298,118,1
10808868,201,1
10809288,276,1
10809717,118,2
10809970,65,1
10812453,43,4
10812963,160,3
10813066,88,1
10813125,453,2
10813737,335,2
10813830,145,4
10814378,1115,26
10814550,407,3
10816047,43,1
10817173,61,1
10817338,81,1
10818245,342,1
10819698,79,3
10820868,32,1
10821126,750,5
10821705,102,1
10822231,15,1
10823414,116,1
10824410,415,1
10825872,109,1
10826090,365,2
10826241,379,1
10826366,139,1
10826962,19,1
10828695,215,1
10828898,330,2
10829400,330,9
10832613,64,1
10834340,113,2
10834515,282,1
10835325,109,1
10835346,213,1
10838476,50,1
10838811,64,2
10839794,248,1
10840813,27,1
10841253,114,11
10841451,173,2
10841559,119,1
10842490,88,2
10844025,22,1
10844257,407,0
10844295,395,1
10844738,107,1
10844749,95,2
10845883,81,1
10846548,60,3
10846559,121,1
10847425,142,0
10848238,56,3
10848979,59,8
10849079,829,1
10850232,49,3
10852322,58,1
10853979,120,1
10855070,78,1
10856917,13,1
10857016,360,4
10857037,207,5
10857229,35,2
10858222,395,2
10858724,296,2
10858993,55,0
10859279,127,1
10860954,94,1
10862894,513,6
10862923,100,1
10863697,20,1
10864499,43,1
10866516,42,1
10867655,60,4
10868436,258,1
10868980,191,3
10869216,112,1
10869312,254,2
10869706,117,1
10870156,176,5
10870554,105,3
10870632,65,3
10871235,212,3
10871790,10,1
10873123,224,1
10874281,14,1
10875123,25,1
10875335,409,1
10875379,47,1
10876101,103,1
10876841,195,2
10877263,344,1
10877406,42,1
10878360,128,1
10878682,57,1
10879267,117,7
10880504,159,1
10880854,263,1
10881984,272,2
10882397,253,4
10883898,2371,5
10883998,82,2
10884022,103,2
10884972,284,1
10887265,885,97
10887428,148,1
10889655,319,1
10890104,54,1
10891074,440,20
10892639,52,1
10893259,213,9
10893703,116,2
10894227,501,1
10894472,90,1
10895418,108,7
10897102,85,2
10897164,106,1
10898057,359,50
10898635,38,1
10898901,371,2
10899824,104,2
10900353,23,2
10901323,234,6
10901872,29,2
10901898,158,22
10903568,112,3
10903661,138,1
10904570,38,1
10904903,78,3
10905007,168,1
10906152,523,5
10906359,286,1
10907492,270,1
10908892,75,1
10909000,619,9
10909120,456,6
10912465,2631,13
10913117,185,1
10914548,4,1
10915348,233,5
10916181,119,1
10916395,167,2
10916881,584,3
10918520,270,7
10918683,354,8
10918741,71,1
10921958,30,1
10923529,264,1
10925041,79,1
10925413,186,1
10925670,189,0
10925955,260,1
10927369,670,6
10928430,179,2
10929297,70,1
10930025,68,1
10930666,133,7
10930801,480,1
10931244,249,1
10931584,582,11
10931603,169,1
10934521,818,18
10934723,114,1
10935159,443,16
10935654,72,1
10936240,35,1
10936269,408,1
10936465,158,1
10937515,475,2
10937739,366,1
10938165,464,3
10940254,396,4
10940445,130,1
10941138,363,1
10941372,322,1
10941758,52,1
10942323,196,2
10943661,52,1
10944828,175,18
10945813,471,2
10947399,338,8
10949077,150,1
10951135,260,5
10952844,240,3
10953876,318,4
10954682,398,3
10954810,316,1
10956244,498,5
10956863,101,8
10957084,110,1
10958029,148,1
10958813,379,2
10958872,71,1
10960060,232,24
10960119,359,2
10961324,116,11
10961740,55,1
10961834,87,1
10962875,103,1
10963265,543,1
10966547,535,6
10966801,1215,8
10967074,114,2
10968591,322,1
10969153,189,2
10969292,93,1
10971829,761,16
10974607,53,2
10974623,300,3
10974824,59,1
10975764,135,3
10976363,78,2
10976639,139,2
10980101,530,4
10982171,20,1
10982387,320,1
10983024,56,1
10984017,47,1
10985288,283,3
10986163,104,1
10987364,455,1
10987826,329,1
10988244,172,1
10988294,298,1
10992266,356,7
10995902,81,2
10997068,366,23
10998304,237,1
11000714,129,1
11001171,166,4
11002203,322,13
11003468,77,1
11004822,126,3
11006400,233,1
11009050,823,6
11012040,218,4
11012303,204,3
11013344,44,1
11013499,44,1
11013565,375,3
11013606,336,17
11017547,1454,43
11017568,177,7
11018940,503,8
11019016,202,1
11020152,369,9
11024106,623,2
11024803,89,1
11027575,163,1
11029328,13,1
11030261,153,1
11032326,50,1
11034537,346,24
11034683,32,3
11035783,778,4
11036156,296,1
11038522,247,3
11042558,164,1
11042661,396,2
11044228,115,1
11044949,59,1
11050065,51,2
11050535,696,39
11050931,332,2
11051753,733,1
11054554,47,0
11054851,126,2
11055118,121,1
11055807,316,1
11060987,84,2
11062089,76,1
11062122,1658,1
11062313,62,1
11063108,500,5
11064698,353,3
11065260,405,4
11065684,269,3
11067924,67,1
11069104,3000,5
11070854,86,8
11071807,69,1
11073105,343,1
11073459,616,7
11073993,89,8
11074427,77,1
11075228,80,1
11079521,1253,1
11081355,212,1
11083068,166,2
11083937,111,1
11084028,32,1
11084333,217,2
11085694,232,4
11087278,31,1
11091933,323,1
11091975,353,2
11092116,460,19
11092495,115,1
11093858,349,3
11096096,380,2
11097241,245,45
11099769,618,6
11099904,155,2
11104188,287,2
11104987,908,22
11105348,860,5
11105405,341,18
11105522,259,2
11105535,78,5
11106121,989,10
11108545,283,11
11108814,556,1
11109260,256,2
11112112,36,3
11113104,75,0
11113261,563,1
11113731,335,2
11114107,188,4
11115234,95,1
11115251,159,4
11115922,59,2
11116131,28,2
11116513,385,3
11117905,636,27
11119395,754,1
11119427,62,1
11120311,431,2
11120447,191,2
11120798,329,2
11121320,94,4
11121349,304,1
11121457,2024,24
11121520,1146,17
11124425,83,1
11124875,1004,3
11126073,87,3
11127627,132,1
11129219,321,19
11129295,299,13
11129562,130,1
11130273,424,27
11130967,123,1
11132660,4,1
11132762,134,1
11132944,507,1
11133648,140,6
11134500,111,1
11135653,77,1
11141084,325,0
11142142,16,1
11142150,101,0
11142395,17,2
11142510,146,6
11142552,73,2
11146902,151,6
11146969,122,0
11149091,256,4
11149307,162,1
11149585,104,7
11149808,75,1
11150867,172,1
11150996,506,2
11151381,93,3
11152250,600,7
11152317,204,2
11152651,67,2
11152687,62,1
11152733,128,1
11152835,57,1
11152932,124,11
11153408,186,1
11153764,394,21
11154414,100,10
11154566,198,1
11154624,405,34
11154828,1339,1
11154891,178,1
11155008,120,1
11155270,821,1
11155318,48,1
11155535,124,1
11155679,232,2
11156142,152,1
11156154,111,3
11156245,326,1
11156713,150,1
11157297,54,3
11157418,407,2
11157658,29,1
11158050,85,1
11158067,24,0
11158690,171,2
11158719,7,1
11159235,86,3
11159268,707,2
11159297,257,2
11159402,183,3
11159531,59,1
11159660,221,1
11159828,309,9
11160450,36,0
11160477,107,3
11160479,149,2
11160495,291,11
11160618,225,5
11160809,82,3
11161229,134,1
11161635,221,7
11161664,164,3
11161774,217,9
11161835,38,1
11162295,165,1
11162423,325,1
11162746,183,2
11162832,560,27
11162876,109,1
11163274,357,1
11163393,178,1
11163556,71,1
11163740,71,1
11163861,135,1
11164027,261,8
11164043,19,1
11164996,98,1
11165808,1133,1
11166199,84,2
11166436,115,1
11166503,208,1
11166629,695,2
11167495,171,1
11167621,182,1
11167766,151,1
11167996,135,2
11168173,1312,84
11168269,238,1
11168314,795,1
11168388,322,3
11168420,258,3
11168427,235,2
11168544,38,1
11168605,105,1
11168818,306,20
11169237,374,4
11169727,98,2
11170036,135,1
11170130,632,14
11170322,322,1
11170396,440,1
11170876,122,2
11170894,736,3
11171049,31,1
11171275,341,1
11171891,223,1
11171950,75,1
11172037,102,3
11172521,458,1
11172801,355,3
11173521,131,2
11174148,135,1
11174395,64,1
11174427,351,3
11174578,57,1
11175085,643,3
11176378,675,1
11176448,150,4
11176450,269,1
11176959,184,6
11177003,452,1
11177325,399,5
11177768,234,3
11178071,91,1
11178125,64,3
11178280,90,2
11178333,431,4
11178432,654,3
11178748,594,16
11178876,817,6
11179098,84,2
11179176,261,4
11179298,251,1
11179355,293,11
11179692,58,1
11179856,80,4
11179999,268,1
11180141,1011,38
11180273,186,3
11180343,216,1
11180380,13,1
11180607,128,1
11180876,156,5
11180931,271,1
11181097,194,1
11181353,259,1
11181800,43,4
11181944,695,4
11181949,314,2
11182022,186,3
11182121,203,1
11182163,294,1
11182421,603,2
11182516,1223,3
11182822,51,1
11182849,662,4
11182888,82,1
11182894,853,1
11183064,557,3
11183156,145,1
11183210,41,12
11183471,223,2
11183563,143,3
11183642,44,1
11183676,104,1
11183831,639,1
11183842,165,1
11183918,169,3
11184034,102,1
11184289,175,1
11184300,386,2
11184725,39,1
11184984,161,5
11185063,94,2
11185149,297,1
11185162,308,3
11185780,38,0
11185972,56,1
11186559,46,4
11186601,173,1
11186745,134,1
11186939,1954,11
11187195,304,10
11187240,198,0
11187306,85,2
11187505,222,1
11187659,24,1
11187717,500,17
11187913,231,2
11188111,164,4
11188294,132,1
11188427,610,6
11188555,184,4
11188678,51,1
11188717,155,3
11188777,222,1
11188822,583,3
11189842,769,2
11190008,357,3
11190294,120,1
11190331,351,1
11190780,219,2
11190805,126,3
11191136,159,1
11191389,100,12
11191976,1091,5
11192047,121,1
11192271,111,5
11192285,321,2
11192424,74,1
11192427,158,1
11192634,28,1
11192875,19,2
11192889,140,1
11193194,265,1
11193958,205,4
11193974,650,22
11193979,708,1
11194593,262,2
11194617,131,1
11195135,779,1
11195144,241,2
11195151,93,1
11195395,1258,76
11195521,474,8
11195579,56,1
11196163,167,4
11196284,191,1
11196345,177,8
11196573,89,1
11196752,42,4
11196870,78,1
11197012,96,1
11197152,82,9
11197154,262,2
11197222,340,7
11197920,360,1
11197999,27,2
11198867,169,2
11198888,115,1
11198901,21,5
11199067,148,1
11199197,28,1
11199267,546,3
11199459,1293,13
11199488,87,1
11199907,205,1
11199936,51,1
11200450,99,1
11200508,101,2
11200908,333,1
11200992,180,2
11201019,561,3
11201431,107,2
11201703,47,2
11202577,298,14
11202657,49,5
11203241,260,1
11203265,135,2
11203530,14,1
11203595,126,2
11204452,254,22
11204550,168,1
11204633,174,1
11204771,103,2
11204864,683,1
11204955,52,1
11205033,32,1
11205446,81,7
11205725,203,2
11205728,139,4
11205940,112,1
11206052,265,1
11206095,149,3
11206121,168,1
11206360,672,10
11206768,35,1
11207168,106,2
11207283,14,1
11207571,634,9
11207706,82,2
11207714,34,1
11207900,740,1
11208253,121,3
11209082,668,4
11209096,43,1
11209360,224,2
11209538,235,3
11209942,316,4
11210359,21,1
11210365,352,22
11210479,118,2
11210653,456,8
11210936,1461,20
11211390,267,1
11212102,46,1
11212110,820,2
11212258,61,1
11212294,419,4
11212382,29,2
11212477,154,4
11212666,55,2
11212787,152,1
11212904,179,3
11212995,175,1
11213361,61,1
11213434,43,1
11213952,46,1
11213990,96,1
11214128,330,10
11214243,618,3
11214968,131,5
11215097,235,1
11215291,431,12
11215703,325,10
11216038,1274,6
11216059,296,1
11216354,19,1
11216359,136,2
11217653,128,2
11217708,128,1
11217749,418,1
11217873,227,2
11217890,482,1
11218068,254,1
11218299,157,1
11218326,106,1
11218388,322,2
11218601,94,3
11218827,334,52
11218926,13,1
11219098,182,1
11219111,125,1
11219849,8,1
11219977,151,1
11220443,421,2
11220497,63,0
11221080,122,1
11221184,478,3
11221261,39,1
11221538,214,3
11221795,780,1
11222627,5010,4
11222799,231,7
11223006,177,1
11223617,222,2
11224005,636,2
11224382,203,1
11224612,503,5
11224903,562,1
11224980,172,1
11225066,24,2
11226353,96,1
11226449,250,15
11226491,333,5
11227311,58,1
11227446,8,1
11227985,57,1
11228109,82,8
11228288,892,5
11228395,170,2
11229326,201,1
11229448,107,7
11230344,204,17
11230638,167,1
11230902,82,2
11230948,619,7
11230960,32,1
11230983,1135,1
11231025,843,1
11231235,376,1
11231441,96,1
11231520,166,2
11231624,101,2
11231996,333,4
11232055,482,26
11232205,240,2
11232209,11,1
11232444,365,2
11232601,384,1
11232710,167,1
11232726,22,1
11232909,257,9
11233313,92,1
11233337,428,2
11233516,130,1
11233531,195,2
11233657,207,11
11233722,147,2
11234089,142,2
11234193,212,11
11234365,329,6
11234888,125,1
11234890,30,1
11234916,372,1
11235031,441,2
11235561,435,3
11235780,61,0
11235817,118,12
11236325,1704,9
11236350,121,1
11236614,347,2
11237232,91,1
11237844,353,1
11238284,184,1
11238287,273,2
11238800,1872,6
11239049,72,1
11239138,281,5
11239255,330,3
11239987,169,3
11240205,246,1
11240236,27,1
11240643,186,1
11240654,205,2
11240672,245,3
11241225,485,1
11241909,128,1
11241927,758,1
11242374,104,1
11242509,202,1
11242969,100,2
11243273,37,1
11243819,94,1
11243844,159,1
11243960,106,1
11243987,238,3
11244358,169,1
11244551,370,15
11245436,330,5
11245482,70,1
11245710,228,3
11245924,351,13
11245942,238,6
11245962,178,1
11245994,398,4
11246135,94,1
11246165,50,2
11246429,366,1
11246447,245,2
11246561,122,2
11246571,543,4
11246788,309,1
11246848,270,1
11247168,172,4
11247593,418,2
11248178,430,17
11248193,121,2
11248544,48,2
11248957,380,2
11249759,35,1
11249791,243,1
11249968,599,3
11250191,73,1
11250337,708,18
11250402,24,1
11250434,234,1
11250802,108,1
11250810,28,1
11251122,40,1
11251234,476,1
11251334,141,3
11251652,45,1
11252031,418,1
11252373,135,1
11252439,344,174
11252783,72,1
11253073,84,1
11253150,104,4
11253263,55,1
11253536,108,1
11253795,287,7
11254084,30,1
11254228,355,3
11254956,50,1
11254986,1053,14
11255152,64,3
11255586,47,10
11255595,205,8
11255965,382,11
11256404,309,28
11256471,277,5
11256477,124,2
11256686,281,1
11256715,50,1
11257158,129,1
11257194,377,5
11257932,833,2
11258003,716,42
11258013,875,2
11258445,352,1
11258785,36,2
11259014,83,3
11259053,25,1
11259161,227,2
11259318,75,0
11259837,84,6
11260685,15,1
11261193,336,3
11261338,165,1
11261486,30,3
11261507,157,2
11261723,8,1
11261949,89,4
11261972,524,4
11262029,3,1
11262195,225,1
11262232,38,1
11262294,159,4
11262665,127,1
11262724,552,1
11262788,219,1
11262819,481,2
11262924,148,4
11263200,112,1
11263379,88,1
11263436,269,2
11263840,113,1
11263854,263,2
11263922,98,1
11264065,180,10
11264400,337,2
11264812,171,1
11264891,126,1
11265280,64,2
11265309,6,1
11265350,328,2
11265607,197,1
11265739,391,2
11266070,7,1
11266112,415,17
11266522,40,4
11267339,214,1
11267445,594,15
11267452,368,2
11267475,189,7
11267557,98,4
11268133,291,6
11268154,330,1
11268312,179,6
11268450,131,1
11268555,132,4
11268686,79,1
11268758,174,1
11268769,399,3
11268959,52,1
11269118,118,1
11269237,534,1
11269284,277,14
11269345,251,3
11269549,261,1
11269556,123,2
11269664,206,1
11269689,48,1
11269839,72,3
11270039,124,1
11270093,32,1
11270302,734,4
11270341,239,1
11270361,1153,2
11270432,617,12
11270518,886,2
11270582,286,4
11270783,87,2
11271410,646,18
11271560,58,1
11271625,14,1
11272546,94,1
11272921,111,1
11273382,401,1
11273447,154,0
11273506,752,11
11273536,25,1
11273606,386,3
11273684,94,1
11274505,269,1
11274631,185,1
11274651,25,1
11274658,503,1
11274821,2107,9
11274860,431,13
11274971,1179,5
11275528,1421,3
11275600,50,1
11275713,20,1
11275825,151,3
11276292,48,1
11276560,230,12
11276741,226,5
11276760,504,1
11276785,261,1
11276964,44,1
11277080,858,2
11277099,190,2
11277147,585,1
11277233,373,1
11277412,215,2
11277481,564,2
11278068,288,1
11278537,124,1
11278584,101,1
11278593,132,1
11278855,82,8
11278920,294,1
11278964,29,1
11279021,426,1
11279218,24,3
11279260,92,1
11279438,102,2
11279450,146,1
11279520,682,20
11279534,309,1
11279725,46,0
11279788,142,3
11279851,15,1
11280040,45,1
11280277,73,1
11281494,461,1
11281538,194,3
11281597,474,2
11281606,234,1
11281664,110,1
11281923,114,1
11282102,207,1
